Address,Coordinates,City,# Bedrooms,# Bathrooms,Price per bedroom,Price per apartment,Cats ok,Dogs ok,# cafes nearby,# minutes to closest cafe,# restaurants nearby,# minutes to closest restaurant,# shops nearby,# minutes to nearest bus stop,# minutes to nearest T-station,# parks nearby,# minutes to closest drugstore,# minutes to closest urgent care
14 Marlborough St,42.3538° N 71.0740° W,Boston,2,1,"$2,500","$5,000",1,0,5,3,5,2,7,2,5,3,4,9
288 Commonwealth Ave,42.3508° N 71.0827° W,Boston,3,1,"$2,400","$7,200",0,1,5,2,5,2,8,1,4,3,3,7
55 Pinckney St,42.3585° N 71.0673° W,Boston,1,1,"$2,600","$2,600",1,1,4,4,5,3,4,3,8,2,5,12
112 Charles St,42.3578° N 71.0706° W,Boston,2,1,"$2,550","$5,100",0,0,5,1,5,1,6,2,6,3,2,10
45 Union Park,42.3424° N 71.0726° W,Boston,3,2,"$2,200","$6,600",1,0,5,3,5,2,5,1,8,4,4,11
185 West Brookline St,42.3411° N 71.0754° W,Boston,4,1,"$2,100","$8,400",1,1,4,4,5,3,4,2,7,3,5,10
90 Tremont St,42.3567° N 71.0610° W,Boston,1,1,"$2,500","$2,500",0,0,5,1,5,1,8,1,2,3,2,4
342 Beacon St,42.3524° N 71.0823° W,Boston,2,1,"$2,450","$4,900",1,1,5,3,5,2,6,2,6,2,5,8
170 Newbury St,42.3499° N 71.0784° W,Boston,2,1,"$2,600","$5,200",1,0,5,1,5,1,8,1,3,2,2,6
45 Columbus Ave,42.3491° N 71.0694° W,Boston,1,1,"$2,300","$2,300",0,1,5,2,5,1,6,1,4,3,3,5
82 Chandler St,42.3458° N 71.0734° W,Boston,3,1,"$2,150","$6,450",1,1,5,3,5,2,5,2,5,2,4,8
59 Rutland Sq,42.3386° N 71.0756° W,Boston,2,1,"$2,100","$4,200",0,0,4,4,4,3,4,2,9,3,5,14
110 Mount Vernon St,42.3572° N 71.0692° W,Boston,4,2,"$2,450","$9,800",1,1,5,2,5,2,5,3,7,2,4,11
23 Joy St,42.3582° N 71.0655° W,Boston,2,1,"$2,500","$5,000",0,1,4,3,4,3,4,3,6,3,5,10
150 Boylston St,42.3520° N 71.0664° W,Boston,1,1,"$2,550","$2,550",1,0,5,1,5,1,8,1,2,3,2,3
350 Columbus Ave,42.3452° N 71.0751° W,Boston,3,1,"$2,200","$6,600",1,1,5,2,5,1,6,1,4,2,3,7
15 West Cedar St,42.3580° N 71.0700° W,Boston,2,1,"$2,500","$5,000",0,0,5,2,5,2,5,4,6,2,3,9
85 Brattle St,42.3752° N 71.1245° W,Cambridge,2,1,"$2,400","$4,800",1,1,5,3,5,2,5,2,6,3,5,12
1040 Massachusetts Ave,42.3688° N 71.1118° W,Cambridge,3,1,"$2,300","$6,900",0,1,5,1,5,1,6,1,7,2,3,9
25 Kirkland St,42.3776° N 71.1134° W,Cambridge,4,2,"$2,150","$8,600",1,0,4,5,4,5,4,3,9,2,6,15
50 Hampshire St,42.3670° N 71.0945° W,Cambridge,1,1,"$2,100","$2,100",0,0,5,2,5,2,5,1,8,3,4,11
150 Cambridge St,42.3718° N 71.0809° W,Cambridge,2,1,"$2,200","$4,400",1,1,5,3,5,2,5,1,6,2,5,9
18 Garden St,42.3768° N 71.1190° W,Cambridge,3,1,"$2,350","$7,050",0,1,5,2,5,2,5,2,5,3,4,10
90 Mount Auburn St,42.3718° N 71.1189° W,Cambridge,2,1,"$2,450","$4,900",1,0,5,1,5,1,7,1,3,2,2,7
350 Broadway,42.3705° N 71.0991° W,Cambridge,4,1,"$2,000","$8,000",1,1,5,3,5,3,5,1,10,3,4,13
250 Putnam Ave,42.3636° N 71.1122° W,Cambridge,1,1,"$2,250","$2,250",0,0,4,4,5,3,4,2,11,2,5,14
15 Inman St,42.3673° N 71.1042° W,Cambridge,3,2,"$2,150","$6,450",1,1,5,2,5,2,5,1,6,3,3,10
75 Concord Ave,42.3801° N 71.1268° W,Cambridge,2,1,"$2,300","$4,600",0,1,4,5,4,4,4,2,12,3,6,16
310 Harvard St,42.3692° N 71.1065° W,Cambridge,4,1,"$2,050","$8,200",1,0,5,3,5,3,5,1,8,2,4,11
60 Magazine St,42.3622° N 71.1030° W,Cambridge,1,1,"$2,200","$2,200",0,0,5,4,5,3,5,2,7,2,5,9
110 Prospect St,42.3688° N 71.0988° W,Cambridge,2,1,"$2,100","$4,200",1,1,5,3,5,2,5,1,8,2,4,12
45 Huron Ave,42.3831° N 71.1303° W,Cambridge,3,1,"$2,250","$6,750",1,0,4,4,4,3,4,1,15,3,6,18
220 Elm St,42.3922° N 71.1164° W,Somerville,2,1,"$1,750","$3,500",0,1,5,2,5,1,5,1,5,3,3,7
150 Highland Ave,42.3888° N 71.0981° W,Somerville,3,1,"$1,600","$4,800",1,1,4,4,5,3,4,1,12,2,5,14
35 Holland St,42.3965° N 71.1242° W,Somerville,1,1,"$1,850","$1,850",0,0,5,1,5,1,6,1,2,2,2,5
85 Summer St,42.3835° N 71.0963° W,Somerville,4,1,"$1,500","$6,000",1,1,4,5,4,4,4,2,15,2,6,17
310 Broadway,42.3934° N 71.0931° W,Somerville,2,1,"$1,650","$3,300",0,1,4,3,4,2,5,1,18,3,4,12
90 Cedar St,42.3927° N 71.1088° W,Somerville,3,2,"$1,700","$5,100",1,0,4,5,4,4,4,2,10,2,6,13
120 Central St,42.3867° N 71.1011° W,Somerville,1,1,"$1,800","$1,800",1,1,4,4,4,4,4,1,14,2,5,16
45 Day St,42.3970° N 71.1255° W,Somerville,2,1,"$1,900","$3,800",0,0,5,1,5,1,6,1,3,2,2,6
205 Somerville Ave,42.3802° N 71.0911° W,Somerville,3,1,"$1,550","$4,650",1,1,4,4,5,3,5,1,12,2,5,11
18 Morrison Ave,42.3951° N 71.1195° W,Somerville,4,2,"$1,650","$6,600",1,0,5,4,5,3,4,2,6,2,5,9
75 College Ave,42.3995° N 71.1211° W,Somerville,2,1,"$1,750","$3,500",0,1,4,5,5,4,4,1,7,3,6,10
140 Willow Ave,42.3968° N 71.1121° W,Somerville,1,1,"$1,700","$1,700",1,1,4,6,4,5,3,2,9,2,7,14
65 Beacon St,42.3809° N 71.1054° W,Somerville,3,1,"$1,650","$4,950",0,0,4,3,5,2,4,1,14,2,4,15
115 Washington St,42.3817° N 71.0845° W,Somerville,2,1,"$1,600","$3,200",1,1,4,4,4,3,5,1,9,3,5,12
1850 Massachusetts Ave,42.3872° N 71.1195° W,Porter Square,2,1,"$2,100","$4,200",1,0,5,1,5,1,7,1,2,2,2,5
15 White St,42.3888° N 71.1191° W,Porter Square,1,1,"$2,200","$2,200",0,1,5,1,5,1,8,1,1,2,1,2
1910 Massachusetts Ave,42.3895° N 71.1213° W,Porter Square,3,1,"$1,950","$5,850",1,1,5,2,5,2,6,1,4,3,3,6
45 Upland Rd,42.3865° N 71.1171° W,Porter Square,4,2,"$1,850","$7,400",0,0,4,4,5,3,5,2,5,2,5,8
12 Roseland St,42.3855° N 71.1189° W,Porter Square,2,1,"$2,050","$4,100",1,1,5,3,5,3,5,2,4,2,4,7
825 Somerville Ave,42.3878° N 71.1155° W,Porter Square,3,1,"$1,900","$5,700",1,0,5,3,5,2,6,1,5,2,4,8
1950 Massachusetts Ave,42.3912° N 71.1228° W,Porter Square,1,1,"$2,150","$2,150",0,1,5,3,5,2,5,1,6,3,4,9
30 Mount Vernon St,42.3861° N 71.1158° W,Porter Square,2,1,"$2,000","$4,000",1,1,4,5,4,4,4,2,7,2,6,11
840 Somerville Ave,42.3884° N 71.1162° W,Porter Square,4,1,"$1,800","$7,200",0,0,5,2,5,2,6,1,4,2,3,7
35 Walden St,42.3862° N 71.1225° W,Porter Square,3,2,"$1,900","$5,700",1,1,4,4,5,4,4,2,6,3,5,10
210 Harvard St,42.3421° N 71.1216° W,Brookline,2,1,"$2,150","$4,300",1,0,5,2,5,1,6,1,3,3,2,6
1410 Beacon St,42.3418° N 71.1205° W,Brookline,3,1,"$2,250","$6,750",0,1,5,1,5,1,7,1,2,3,1,5
55 St Paul St,42.3468° N 71.1165° W,Brookline,1,1,"$2,300","$2,300",1,1,5,4,5,3,5,2,6,2,5,9
115 Babcock St,42.3482° N 71.1215° W,Brookline,4,2,"$1,850","$7,400",0,0,4,5,4,4,4,2,7,2,6,11
75 Freeman St,42.3485° N 71.1182° W,Brookline,2,1,"$2,050","$4,100",1,1,4,6,4,5,4,3,8,3,7,12
1350 Beacon St,42.3425° N 71.1189° W,Brookline,3,1,"$2,200","$6,600",1,0,5,2,5,2,6,1,3,3,3,6
310 Washington St,42.3338° N 71.1205° W,Brookline,1,1,"$2,100","$2,100",0,1,5,3,5,2,5,1,5,3,4,8
85 Pleasant St,42.3470° N 71.1190° W,Brookline,2,1,"$2,150","$4,300",1,1,4,4,5,3,5,2,6,2,5,10
1600 Beacon St,42.3392° N 71.1285° W,Brookline,4,1,"$1,900","$7,600",0,0,5,3,5,2,6,1,4,3,4,9
45 Marion St,42.3429° N 71.1235° W,Brookline,3,2,"$2,000","$6,000",1,1,5,4,5,3,5,2,5,2,5,8
120 Centre St,42.3412° N 71.1238° W,Brookline,2,1,"$2,100","$4,200",1,0,5,3,5,2,5,2,4,3,4,7
70 Cypress St,42.3305° N 71.1195° W,Brookline,1,1,"$2,050","$2,050",0,1,4,4,4,4,4,1,8,4,6,12
210 Brighton Ave,42.3529° N 71.1352° W,Allston,2,1,"$1,500","$3,000",1,1,5,1,5,1,6,1,3,2,2,6
85 Harvard Ave,42.3524° N 71.1315° W,Allston,3,1,"$1,400","$4,200",0,0,5,2,5,1,7,1,2,2,3,5
1250 Commonwealth Ave,42.3498° N 71.1305° W,Allston,1,1,"$1,600","$1,600",1,1,5,3,5,2,6,1,2,2,4,8
35 Brainerd Rd,42.3482° N 71.1350° W,Allston,4,2,"$1,350","$5,400",1,0,4,5,4,4,4,2,5,3,6,11
165 Kelton St,42.3459° N 71.1368° W,Allston,2,1,"$1,450","$2,900",0,1,4,6,4,5,3,3,7,3,8,13
60 Braintree St,42.3551° N 71.1345° W,Allston,3,1,"$1,300","$3,900",1,1,4,4,5,3,4,2,6,2,5,10
1380 Commonwealth Ave,42.3488° N 71.1341° W,Allston,1,1,"$1,550","$1,550",0,0,5,2,5,2,6,1,3,3,3,7
45 Pratt St,42.3546° N 71.1311° W,Allston,4,1,"$1,350","$5,400",1,1,5,4,5,3,5,2,5,2,5,9
115 Glenville Ave,42.3488° N 71.1322° W,Allston,2,1,"$1,450","$2,900",1,0,4,5,4,4,4,2,6,3,6,10
495 Cambridge St,42.3538° N 71.1388° W,Allston,3,2,"$1,400","$4,200",0,1,5,2,5,2,5,1,8,2,3,12
25 Ashford St,42.3530° N 71.1255° W,Allston,1,1,"$1,600","$1,600",1,1,4,6,5,5,4,3,7,2,7,13
150 Linden St,42.3522° N 71.1288° W,Allston,2,1,"$1,450","$2,900",0,0,5,4,5,3,5,2,6,2,5,11
350 Marlborough St,42.3513° N 71.0851° W,Boston,3,1,"$2,450","$7,350",1,1,5,3,5,2,7,2,5,3,4,8
115 Newbury St,42.3508° N 71.0756° W,Boston,1,1,"$2,600","$2,600",0,1,5,1,5,1,8,1,3,2,2,5
62 Pinckney St,42.3586° N 71.0678° W,Boston,2,1,"$2,500","$5,000",1,0,4,4,4,3,4,3,7,3,5,11
145 Charles St,42.3589° N 71.0711° W,Boston,4,2,"$2,400","$9,600",0,0,5,1,5,1,6,1,4,2,2,8
28 Union Park,42.3421° N 71.0722° W,Boston,1,1,"$2,350","$2,350",1,1,5,4,5,3,5,2,8,4,5,12
110 West Brookline St,42.3402° N 71.0745° W,Boston,2,1,"$2,250","$4,500",1,0,4,5,4,4,4,2,9,3,6,13
180 Tremont St,42.3534° N 71.0641° W,Boston,3,1,"$2,400","$7,200",0,1,5,1,5,1,8,1,2,2,2,4
210 Beacon St,42.3539° N 71.0772° W,Boston,4,1,"$2,500","$10,000",1,1,5,3,5,2,6,2,5,3,4,7
245 Newbury St,42.3491° N 71.0825° W,Boston,1,1,"$2,600","$2,600",0,0,5,1,5,1,8,1,3,2,2,6
110 Columbus Ave,42.3478° N 71.0721° W,Boston,2,1,"$2,350","$4,700",1,1,5,2,5,1,6,1,4,3,3,5
45 Chandler St,42.3465° N 71.0715° W,Boston,3,2,"$2,200","$6,600",1,0,5,3,5,2,5,2,5,3,4,7
34 Rutland Sq,42.3391° N 71.0768° W,Boston,4,1,"$2,150","$8,600",0,1,4,5,4,4,3,3,10,3,6,15
160 Mount Vernon St,42.3575° N 71.0715° W,Boston,1,1,"$2,550","$2,550",1,1,5,2,5,2,5,2,6,2,3,9
55 Joy St,42.3591° N 71.0662° W,Boston,2,1,"$2,450","$4,900",0,0,4,4,4,3,4,3,7,3,5,11
220 Boylston St,42.3515° N 71.0682° W,Boston,3,1,"$2,500","$7,500",1,1,5,1,5,1,8,1,2,3,2,4
410 Columbus Ave,42.3441° N 71.0773° W,Boston,4,2,"$2,150","$8,600",1,0,5,3,5,2,5,1,5,2,4,8
40 West Cedar St,42.3585° N 71.0705° W,Boston,1,1,"$2,550","$2,550",0,1,5,2,5,2,5,3,6,2,3,9
115 Brattle St,42.3758° N 71.1265° W,Cambridge,2,1,"$2,350","$4,700",1,1,4,4,4,3,4,2,8,3,6,14
1200 Massachusetts Ave,42.3711° N 71.1152° W,Cambridge,3,1,"$2,400","$7,200",0,0,5,1,5,1,7,1,5,2,2,7
60 Kirkland St,42.3781° N 71.1095° W,Cambridge,4,1,"$2,100","$8,400",1,1,4,6,4,5,4,3,11,2,7,17
120 Hampshire St,42.3695° N 71.0981° W,Cambridge,1,1,"$2,150","$2,150",1,0,5,2,5,2,5,1,9,3,3,10
280 Cambridge St,42.3725° N 71.0851° W,Cambridge,2,1,"$2,250","$4,500",0,1,5,3,5,2,5,1,7,2,4,11
45 Garden St,42.3782° N 71.1215° W,Cambridge,3,2,"$2,300","$6,900",1,1,4,3,4,3,4,2,7,3,5,12
150 Mount Auburn St,42.3725° N 71.1221° W,Cambridge,4,1,"$2,400","$9,600",0,0,5,2,5,1,7,1,4,2,3,8
410 Broadway,42.3712° N 71.1035° W,Cambridge,1,1,"$2,100","$2,100",1,1,4,4,5,3,4,1,9,3,5,12
320 Putnam Ave,42.3645° N 71.1158° W,Cambridge,2,1,"$2,200","$4,400",1,0,4,5,4,4,4,2,12,2,6,15
55 Inman St,42.3685° N 71.1021° W,Cambridge,3,1,"$2,150","$6,450",0,1,5,3,5,2,5,1,7,3,4,11
110 Concord Ave,42.3815° N 71.1295° W,Cambridge,4,2,"$2,250","$9,000",1,1,4,6,4,5,4,2,14,3,7,18
380 Harvard St,42.3705° N 71.1105° W,Cambridge,1,1,"$2,300","$2,300",0,0,5,2,5,2,6,1,6,2,3,9
110 Magazine St,42.3605° N 71.1065° W,Cambridge,2,1,"$2,150","$4,300",1,1,4,5,4,4,4,2,9,2,6,11
180 Prospect St,42.3711° N 71.0965° W,Cambridge,3,1,"$2,100","$6,300",1,0,5,2,5,2,5,1,10,2,3,9
95 Huron Ave,42.3838° N 71.1341° W,Cambridge,4,1,"$2,200","$8,800",0,1,3,6,4,5,3,2,18,3,8,21
280 Elm St,42.3911° N 71.1145° W,Somerville,1,1,"$1,800","$1,800",1,1,5,3,5,2,5,1,7,3,4,9
210 Highland Ave,42.3895° N 71.0965° W,Somerville,2,1,"$1,550","$3,100",0,0,4,5,4,4,4,1,14,2,6,16
75 Holland St,42.3982° N 71.1275° W,Somerville,3,2,"$1,850","$5,550",1,1,5,2,5,2,6,1,4,2,3,7
120 Summer St,42.3841° N 71.0988° W,Somerville,4,1,"$1,450","$5,800",1,0,4,6,4,5,3,2,16,2,7,18
360 Broadway,42.3942° N 71.0905° W,Somerville,1,1,"$1,650","$1,650",0,1,4,4,4,3,4,1,20,3,5,13
140 Cedar St,42.3935° N 71.1065° W,Somerville,2,1,"$1,650","$3,300",1,1,4,6,4,5,3,2,12,2,7,15
180 Central St,42.3882° N 71.0995° W,Somerville,3,1,"$1,750","$5,250",0,0,4,5,4,4,4,1,16,2,6,18
85 Day St,42.3985° N 71.1281° W,Somerville,4,2,"$1,850","$7,400",1,1,5,2,5,2,5,2,5,2,3,8
260 Somerville Ave,42.3811° N 71.0945° W,Somerville,1,1,"$1,600","$1,600",1,0,4,3,5,2,5,1,10,2,4,10
45 Morrison Ave,42.3965° N 71.1171° W,Somerville,2,1,"$1,700","$3,400",0,1,4,5,4,4,4,2,8,2,6,11
110 College Ave,42.4011° N 71.1205° W,Somerville,3,1,"$1,750","$5,250",1,1,4,6,4,5,3,2,9,3,7,12
180 Willow Ave,42.3981° N 71.1105° W,Somerville,4,1,"$1,650","$6,600",0,0,4,7,4,6,3,2,11,2,8,16
95 Beacon St,42.3815° N 71.1075° W,Somerville,1,1,"$1,700","$1,700",1,1,4,4,5,3,4,1,12,2,5,14
160 Washington St,42.3825° N 71.0871° W,Somerville,2,1,"$1,550","$3,100",1,0,4,5,4,4,4,1,11,3,6,14
1880 Massachusetts Ave,42.3881° N 71.1202° W,Porter Square,3,1,"$2,050","$6,150",0,1,5,1,5,1,8,1,1,2,1,4
35 White St,42.3895° N 71.1185° W,Porter Square,4,2,"$2,100","$8,400",1,1,5,2,5,2,7,1,3,2,2,4
1940 Massachusetts Ave,42.3905° N 71.1221° W,Porter Square,1,1,"$2,150","$2,150",0,0,5,2,5,2,6,1,5,3,3,7
65 Upland Rd,42.3855° N 71.1151° W,Porter Square,2,1,"$1,900","$3,800",1,1,4,5,4,4,4,2,7,2,6,10
28 Roseland St,42.3848° N 71.1171° W,Porter Square,3,1,"$2,000","$6,000",1,0,5,4,5,3,5,2,6,2,5,9
850 Somerville Ave,42.3888° N 71.1171° W,Porter Square,4,1,"$1,850","$7,400",0,1,5,1,5,1,7,1,3,2,2,6
1980 Massachusetts Ave,42.3921° N 71.1235° W,Porter Square,1,1,"$2,100","$2,100",1,1,5,3,5,3,5,1,7,3,5,11
50 Mount Vernon St,42.3852° N 71.1141° W,Porter Square,2,1,"$1,950","$3,900",0,0,4,6,4,5,4,2,9,2,7,13
870 Somerville Ave,42.3895° N 71.1185° W,Porter Square,3,2,"$1,900","$5,700",1,1,5,1,5,1,8,1,2,2,1,4
55 Walden St,42.3855° N 71.1245° W,Porter Square,4,1,"$1,850","$7,400",1,0,4,5,4,4,4,2,8,3,6,12
260 Harvard St,42.3435° N 71.1216° W,Brookline,1,1,"$2,200","$2,200",0,1,5,1,5,1,7,1,2,3,1,5
1450 Beacon St,42.3411° N 71.1221° W,Brookline,2,1,"$2,250","$4,500",1,1,5,2,5,1,6,1,3,3,2,6
85 St Paul St,42.3482° N 71.1158° W,Brookline,3,1,"$2,200","$6,600",0,0,4,5,4,4,4,2,8,2,6,11
145 Babcock St,42.3495° N 71.1215° W,Brookline,4,2,"$1,900","$7,600",1,1,4,6,4,5,4,2,9,2,7,13
110 Freeman St,42.3491° N 71.1165° W,Brookline,1,1,"$2,100","$2,100",1,0,4,5,4,4,4,3,10,3,6,11
1390 Beacon St,42.3421° N 71.1201° W,Brookline,2,1,"$2,300","$4,600",0,1,5,1,5,1,7,1,2,3,1,4
350 Washington St,42.3325° N 71.1205° W,Brookline,3,1,"$2,050","$6,150",1,1,5,2,5,2,5,1,6,3,3,7
120 Pleasant St,42.3485° N 71.1185° W,Brookline,4,1,"$2,100","$8,400",0,0,4,5,4,4,4,2,8,2,6,12
1640 Beacon St,42.3385° N 71.1305° W,Brookline,1,1,"$2,000","$2,000",1,1,5,4,5,3,5,1,5,3,5,10
75 Marion St,42.3441° N 71.1228° W,Brookline,2,1,"$2,050","$4,100",1,0,5,3,5,2,5,2,6,2,4,7
150 Centre St,42.3425° N 71.1235° W,Brookline,3,2,"$2,150","$6,450",0,1,5,2,5,1,6,2,3,3,3,6
110 Cypress St,42.3291° N 71.1195° W,Brookline,4,1,"$2,000","$8,000",1,1,4,5,4,5,3,1,10,4,7,14
250 Brighton Ave,42.3521° N 71.1375° W,Allston,1,1,"$1,550","$1,550",0,0,5,2,5,2,5,1,5,2,3,8
115 Harvard Ave,42.3511° N 71.1321° W,Allston,2,1,"$1,450","$2,900",1,1,5,1,5,1,7,1,3,2,2,6
1280 Commonwealth Ave,42.3491° N 71.1315° W,Allston,3,1,"$1,550","$4,650",1,0,5,2,5,1,6,1,2,2,3,7
65 Brainerd Rd,42.3475° N 71.1365° W,Allston,4,1,"$1,300","$5,200",0,1,4,6,4,5,4,2,6,3,7,12
195 Kelton St,42.3445° N 71.1381° W,Allston,1,1,"$1,500","$1,500",1,1,4,7,4,6,3,3,9,3,9,15
90 Braintree St,42.3562° N 71.1361° W,Allston,2,1,"$1,350","$2,700",0,0,4,5,4,4,4,2,8,2,6,12
1410 Commonwealth Ave,42.3475° N 71.1365° W,Allston,3,2,"$1,500","$4,500",1,1,5,3,5,2,5,1,4,3,4,9
75 Pratt St,42.3535° N 71.1318° W,Allston,4,1,"$1,300","$5,200",1,0,5,3,5,2,5,2,6,2,4,8
145 Glenville Ave,42.3481° N 71.1338° W,Allston,1,1,"$1,500","$1,500",0,1,4,4,4,3,4,2,5,3,5,9
525 Cambridge St,42.3531° N 71.1411° W,Allston,2,1,"$1,450","$2,900",1,1,5,3,5,2,5,1,9,2,4,13
45 Ashford St,42.3521° N 71.1271° W,Allston,3,1,"$1,550","$4,650",0,0,4,5,5,4,4,3,6,2,6,12
180 Linden St,42.3511° N 71.1301° W,Allston,4,2,"$1,400","$5,600",1,1,5,3,5,2,6,2,5,2,4,10
312 Marlborough St,42.3518° N 71.0842° W,Boston,1,1,"$2,600","$2,600",1,0,5,2,5,2,8,1,4,3,3,7
140 Newbury St,42.3503° N 71.0768° W,Boston,2,1,"$2,550","$5,100",0,1,5,1,5,1,8,1,3,2,2,5
85 Pinckney St,42.3582° N 71.0688° W,Boston,3,1,"$2,450","$7,350",1,1,4,4,4,3,4,3,7,3,5,11
90 Charles St,42.3571° N 71.0701° W,Boston,4,2,"$2,350","$9,400",0,0,5,1,5,1,7,1,5,2,2,9
15 Union Park,42.3431° N 71.0715° W,Boston,1,1,"$2,300","$2,300",1,1,5,3,5,2,5,2,9,4,4,11
140 West Brookline St,42.3418° N 71.0761° W,Boston,2,1,"$2,200","$4,400",1,0,4,5,5,3,4,2,8,3,6,13
120 Tremont St,42.3551° N 71.0625° W,Boston,3,2,"$2,450","$7,350",0,1,5,1,5,1,8,1,2,2,2,4
310 Beacon St,42.3528° N 71.0805° W,Boston,4,1,"$2,500","$10,000",1,1,5,3,5,2,6,2,5,2,4,8
210 Newbury St,42.3495° N 71.0808° W,Boston,1,1,"$2,600","$2,600",0,0,5,1,5,1,8,1,3,2,2,6
85 Columbus Ave,42.3484° N 71.0708° W,Boston,2,1,"$2,350","$4,700",1,1,5,2,5,1,6,1,4,3,3,5
60 Chandler St,42.3461° N 71.0725° W,Boston,3,1,"$2,150","$6,450",1,0,5,3,5,2,5,2,5,2,4,7
45 Rutland Sq,42.3388° N 71.0762° W,Boston,4,2,"$2,100","$8,400",0,1,4,4,4,4,4,3,10,3,5,14
140 Mount Vernon St,42.3573° N 71.0705° W,Boston,1,1,"$2,550","$2,550",1,1,5,2,5,2,5,2,6,2,4,10
40 Joy St,42.3586° N 71.0658° W,Boston,2,1,"$2,450","$4,900",0,0,4,4,4,3,4,3,7,3,5,11
180 Boylston St,42.3518° N 71.0674° W,Boston,3,2,"$2,500","$7,500",1,1,5,1,5,1,8,1,2,3,2,4
380 Columbus Ave,42.3446° N 71.0762° W,Boston,4,1,"$2,200","$8,800",1,0,5,3,5,2,5,1,5,2,4,7
25 West Cedar St,42.3582° N 71.0702° W,Boston,1,1,"$2,550","$2,550",0,1,5,2,5,2,5,3,6,2,3,9
100 Brattle St,42.3755° N 71.1255° W,Cambridge,2,1,"$2,350","$4,700",1,1,5,3,5,2,5,2,7,3,6,13
1120 Massachusetts Ave,42.3699° N 71.1135° W,Cambridge,3,1,"$2,400","$7,200",0,0,5,1,5,1,7,1,6,2,2,8
40 Kirkland St,42.3778° N 71.1114° W,Cambridge,4,2,"$2,150","$8,600",1,1,4,5,4,5,4,3,10,2,6,16
85 Hampshire St,42.3682° N 71.0963° W,Cambridge,1,1,"$2,100","$2,100",1,0,5,2,5,2,5,1,8,3,4,10
210 Cambridge St,42.3721° N 71.0830° W,Cambridge,2,1,"$2,250","$4,500",0,1,5,3,5,2,5,1,6,2,5,10
30 Garden St,42.3775° N 71.1202° W,Cambridge,3,1,"$2,300","$6,900",1,1,5,2,5,2,5,2,6,3,4,11
120 Mount Auburn St,42.3721° N 71.1205° W,Cambridge,4,1,"$2,450","$9,800",0,0,5,1,5,1,7,1,3,2,2,7
380 Broadway,42.3708° N 71.1013° W,Cambridge,1,1,"$2,050","$2,050",1,1,5,3,5,3,4,1,9,3,4,12
280 Putnam Ave,42.3640° N 71.1140° W,Cambridge,2,1,"$2,200","$4,400",1,0,4,4,5,3,4,2,11,2,5,14
35 Inman St,42.3679° N 71.1031° W,Cambridge,3,2,"$2,150","$6,450",0,1,5,2,5,2,5,1,6,3,3,10
90 Concord Ave,42.3808° N 71.1281° W,Cambridge,4,1,"$2,300","$9,200",1,1,4,5,4,4,4,2,13,3,6,17
345 Harvard St,42.3698° N 71.1085° W,Cambridge,1,1,"$2,100","$2,100",0,0,5,2,5,3,5,1,7,2,4,10
85 Magazine St,42.3613° N 71.1047° W,Cambridge,2,1,"$2,150","$4,300",1,1,4,4,5,3,5,2,8,2,5,10
145 Prospect St,42.3699° N 71.0976° W,Cambridge,3,1,"$2,100","$6,300",1,0,5,3,5,2,5,1,9,2,4,11
70 Huron Ave,42.3834° N 71.1322° W,Cambridge,4,2,"$2,200","$8,800",0,1,4,5,4,4,4,1,16,3,7,19
250 Elm St,42.3916° N 71.1154° W,Somerville,1,1,"$1,750","$1,750",1,1,5,2,5,1,5,1,6,3,4,8
180 Highland Ave,42.3891° N 71.0973° W,Somerville,2,1,"$1,600","$3,200",0,0,4,4,5,3,4,1,13,2,5,15
55 Holland St,42.3973° N 71.1258° W,Somerville,3,1,"$1,850","$5,550",1,1,5,1,5,1,6,1,3,2,2,6
100 Summer St,42.3838° N 71.0975° W,Somerville,4,2,"$1,500","$6,000",1,0,4,5,4,4,4,2,15,2,6,17
335 Broadway,42.3938° N 71.0918° W,Somerville,1,1,"$1,650","$1,650",0,1,4,3,4,2,5,1,19,3,5,12
115 Cedar St,42.3931° N 71.1076° W,Somerville,2,1,"$1,650","$3,300",1,1,4,5,4,4,4,2,11,2,6,14
150 Central St,42.3874° N 71.1003° W,Somerville,3,1,"$1,750","$5,250",0,0,4,4,4,4,4,1,15,2,5,17
65 Day St,42.3977° N 71.1268° W,Somerville,4,1,"$1,900","$7,600",1,1,5,1,5,1,6,1,4,2,2,7
230 Somerville Ave,42.3806° N 71.0928° W,Somerville,1,1,"$1,550","$1,550",1,0,4,4,5,2,5,1,11,2,4,10
30 Morrison Ave,42.3958° N 71.1183° W,Somerville,2,1,"$1,700","$3,400",0,1,5,4,5,3,4,2,7,2,5,10
90 College Ave,42.4003° N 71.1208° W,Somerville,3,2,"$1,750","$5,250",1,1,4,5,5,4,4,1,8,3,6,11
160 Willow Ave,42.3974° N 71.1113° W,Somerville,4,1,"$1,650","$6,600",0,0,4,6,4,5,3,2,10,2,7,15
80 Beacon St,42.3812° N 71.1064° W,Somerville,1,1,"$1,650","$1,650",1,1,4,3,5,2,4,1,13,2,4,14
135 Washington St,42.3821° N 71.0858° W,Somerville,2,1,"$1,600","$3,200",1,0,4,4,4,3,5,1,10,3,5,13
1865 Massachusetts Ave,42.3876° N 71.1198° W,Porter Square,3,1,"$2,050","$6,150",0,1,5,1,5,1,7,1,2,2,2,4
25 White St,42.3891° N 71.1188° W,Porter Square,4,2,"$2,150","$8,600",1,1,5,1,5,1,8,1,2,2,1,3
1925 Massachusetts Ave,42.3900° N 71.1217° W,Porter Square,1,1,"$2,000","$2,000",0,0,5,2,5,2,6,1,4,3,3,6
55 Upland Rd,42.3860° N 71.1161° W,Porter Square,2,1,"$1,900","$3,800",1,1,4,4,5,3,5,2,6,2,5,9
20 Roseland St,42.3851° N 71.1180° W,Porter Square,3,1,"$2,000","$6,000",1,0,5,3,5,3,5,2,5,2,4,8
835 Somerville Ave,42.3881° N 71.1158° W,Porter Square,4,1,"$1,850","$7,400",0,1,5,2,5,2,6,1,4,2,3,7
1965 Massachusetts Ave,42.3916° N 71.1231° W,Porter Square,1,1,"$2,100","$2,100",1,1,5,3,5,2,5,1,6,3,4,10
40 Mount Vernon St,42.3856° N 71.1149° W,Porter Square,2,1,"$1,950","$3,900",0,0,4,5,4,4,4,2,8,2,6,12
855 Somerville Ave,42.3889° N 71.1173° W,Porter Square,3,2,"$1,850","$5,550",1,1,5,1,5,1,7,1,3,2,2,5
45 Walden St,42.3858° N 71.1235° W,Porter Square,4,1,"$1,900","$7,600",1,0,4,4,5,4,4,2,7,3,5,11
235 Harvard St,42.3428° N 71.1216° W,Brookline,1,1,"$2,200","$2,200",0,1,5,1,5,1,7,1,2,3,1,5
1430 Beacon St,42.3414° N 71.1213° W,Brookline,2,1,"$2,250","$4,500",1,1,5,1,5,1,7,1,2,3,1,5
70 St Paul St,42.3475° N 71.1161° W,Brookline,3,1,"$2,250","$6,750",0,0,5,4,5,3,5,2,7,2,5,10
130 Babcock St,42.3488° N 71.1215° W,Brookline,4,2,"$1,850","$7,400",1,1,4,5,4,4,4,2,8,2,6,12
90 Freeman St,42.3488° N 71.1173° W,Brookline,1,1,"$2,100","$2,100",1,0,4,5,4,5,4,3,9,3,6,11
1370 Beacon St,42.3423° N 71.1195° W,Brookline,2,1,"$2,250","$4,500",0,1,5,1,5,1,7,1,2,3,2,5
330 Washington St,42.3331° N 71.1205° W,Brookline,3,2,"$2,050","$6,150",1,1,5,2,5,2,5,1,5,3,3,7
100 Pleasant St,42.3477° N 71.1187° W,Brookline,4,1,"$2,100","$8,400",0,0,4,4,5,3,5,2,7,2,5,11
1620 Beacon St,42.3388° N 71.1295° W,Brookline,1,1,"$1,950","$1,950",1,1,5,3,5,2,5,1,4,3,4,9
60 Marion St,42.3435° N 71.1231° W,Brookline,2,1,"$2,050","$4,100",1,0,5,3,5,2,5,2,5,2,4,7
135 Centre St,42.3418° N 71.1236° W,Brookline,3,1,"$2,100","$6,300",0,1,5,2,5,1,6,2,3,3,3,6
90 Cypress St,42.3298° N 71.1195° W,Brookline,4,2,"$2,000","$8,000",1,1,4,4,4,4,3,1,9,4,6,13
230 Brighton Ave,42.3525° N 71.1363° W,Allston,1,1,"$1,500","$1,500",0,0,5,1,5,1,5,1,4,2,2,7
100 Harvard Ave,42.3517° N 71.1318° W,Allston,2,1,"$1,450","$2,900",1,1,5,1,5,1,7,1,2,2,2,5
1265 Commonwealth Ave,42.3494° N 71.1310° W,Allston,3,1,"$1,550","$4,650",1,0,5,2,5,1,6,1,2,2,3,7
50 Brainerd Rd,42.3478° N 71.1357° W,Allston,4,2,"$1,300","$5,200",0,1,4,5,4,4,4,2,5,3,6,11
180 Kelton St,42.3452° N 71.1374° W,Allston,1,1,"$1,450","$1,450",1,1,4,6,4,5,3,3,8,3,8,14
75 Braintree St,42.3556° N 71.1353° W,Allston,2,1,"$1,350","$2,700",0,0,4,4,5,3,4,2,7,2,5,11
1395 Commonwealth Ave,42.3481° N 71.1353° W,Allston,3,1,"$1,500","$4,500",1,1,5,2,5,2,5,1,3,3,3,8
60 Pratt St,42.3540° N 71.1314° W,Allston,4,1,"$1,350","$5,400",1,0,5,3,5,2,5,2,5,2,4,8
130 Glenville Ave,42.3484° N 71.1330° W,Allston,1,1,"$1,450","$1,450",0,1,4,4,4,3,4,2,5,3,5,9
510 Cambridge St,42.3534° N 71.1399° W,Allston,2,1,"$1,400","$2,800",1,1,5,2,5,2,5,1,8,2,3,12
35 Ashford St,42.3525° N 71.1263° W,Allston,3,2,"$1,550","$4,650",0,0,4,5,5,4,4,3,6,2,6,12
165 Linden St,42.3516° N 71.1294° W,Allston,4,1,"$1,400","$5,600",1,1,5,3,5,2,5,2,5,2,4,10
67 Beacon St,42.3560° N 71.0704° W,Boston,3,2,"$2,400.00","$7,200.00",0,0,5,2,5,1,5,2,7,3,3,8
321 Newbury St,42.3497° N 71.0871° W,Boston,1,1,"$2,600.00","$2,600.00",1,0,5,4,5,2,8,3,3,3,5,11
45 Brattle St,42.3737° N 71.1217° W,Cambridge,1,1,"$2,200.00","$2,200.00",0,0,5,1,5,1,6,3,3,3,3,14
15 Garden St,42.3773° N 71.1162° W,Cambridge,2,1,"$1,900.00","$3,800.00",1,1,4,6,4,7,4,4,6,3,6,15
89 Elm St,42.3952° N 71.1220° W,Somerville,3,1,"$1,500.00","$4,500.00",1,1,5,1,5,1,5,2,2,3,2,18
78 Holland St,42.3944° N 71.1299° W,Somerville,2,1,"$1,700.00","$3,400.00",0,0,4,8,5,7,4,5,5,3,7,20
12 Harvard St,42.3325° N 71.1228° W,Brookline,2,1,"$2,100.00","$4,200.00",0,1,5,1,5,1,4,4,4,2,5,16
90 Washington St,42.3341° N 71.1215° W,Brookline,3,2,"$1,600.00","$4,800.00",0,1,4,7,4,6,4,2,3,3,5,15
156 Brighton Ave,42.3534° N 71.1330° W,Allston,4,1,"$1,400.00","$5,600.00",1,1,4,4,5,1,5,1,3,2,5,15
22 Harvard Ave,42.3538° N 71.1310° W,Allston,2,1,"$1,500.00","$3,000.00",1,0,5,5,5,4,5,3,4,3,4,15
102 Saint Paul St,42.3476° N 71.1157° W,Brookline,4,1,"$2,300","$9,200",1,1,4,6,6,3,7,2,7,2,11,8
92 Harvard Ave,42.3518° N 71.1311° W,Allston,2,1,"$1,925","$3,850",1,0,11,3,15,2,12,3,3,4,2,10
196 Walden St,42.3956° N 71.1323° W,Porter Square,4,1,"$2,175","$8,700",1,1,3,7,4,8,3,3,10,2,14,17
148 Harvard Ave,42.3538° N 71.1313° W,Allston,2,1,"$2,150","$4,300",1,1,11,2,8,1,10,1,3,4,5,10
12 Linden St,42.3496° N 71.1289° W,Allston,2,1,"$1,650","$3,300",1,1,3,4,4,6,4,3,11,3,11,15
132 Highland Ave,42.3893° N 71.1050° W,Somerville,3,1,"$1,750","$5,250",1,0,2,6,8,5,3,2,6,2,7,17
70 Babcock St,42.3510° N 71.1194° W,Brookline,4,1,"$2,250","$9,000",0,0,5,5,5,2,3,4,12,1,8,11
112 Linden St,42.3538° N 71.1301° W,Allston,2,1,"$1,750","$3,500",1,0,6,2,3,2,5,6,12,2,8,14
162 Prospect St,42.3705° N 71.1040° W,Cambridge,3,2,"$2,100","$6,300",1,0,4,1,7,1,8,2,6,3,3,15
110 Holland St,42.3998° N 71.1266° W,Somerville,2,1,"$1,700","$3,400",0,1,2,2,4,5,5,4,4,3,11,11
15 Porter Rd,42.3900° N 71.1200° W,Porter Square,2,1,"$2,000","$4,000",0,0,4,5,7,4,5,2,5,3,9,14
54 Garden St,42.3786° N 71.1214° W,Cambridge,3,1,"$2,250","$6,750",0,1,6,4,5,2,7,2,9,2,5,14
88 Walden St,42.3903° N 71.1279° W,Porter Square,3,1,"$1,975","$5,925",1,1,4,7,5,7,2,7,7,3,7,13
1014 Boylston St,42.3487° N 71.0825° W,Boston,3,1,"$2,575","$7,725",0,0,6,3,9,1,7,1,5,4,4,9
532 Columbus Ave,42.3399° N 71.0846° W,Boston,4,2,"$2,450","$9,800",1,0,4,4,4,6,7,6,5,1,11,15
8 Chester St,42.3504° N 71.1272° W,Allston,3,1,"$1,450","$4,350",0,1,4,5,6,6,6,5,11,1,6,17
216 Cedar St,42.3906° N 71.1116° W,Somerville,2,1,"$1,600","$3,200",0,0,1,4,3,8,3,4,8,2,7,19
530 Columbus Ave,42.3391° N 71.0846° W,Boston,2,1,"$2,600","$5,200",0,0,4,2,4,2,7,2,12,1,7,14
42 Porter Rd,42.3909° N 71.1219° W,Porter Square,3,2,"$2,200","$6,600",1,0,2,2,7,2,5,4,5,3,8,15
44 Linden St,42.3507° N 71.1289° W,Allston,3,2,"$1,925","$5,775",1,1,2,5,8,6,7,4,9,3,9,15
1978 Cambridge St,42.3747° N 71.1193° W,Cambridge,2,1,"$2,550","$5,100",1,0,9,4,9,2,8,4,8,4,8,9
282 Newbury St,42.3491° N 71.0826° W,Boston,3,2,"$2,575","$7,725",1,0,9,1,16,2,10,2,4,3,4,7
214 Brattle St,42.3822° N 71.1362° W,Cambridge,3,1,"$2,475","$7,425",0,0,5,2,6,6,7,5,4,1,6,10
216 Aspinwall Ave,42.3371° N 71.1227° W,Brookline,4,2,"$2,125","$8,500",0,0,1,6,2,5,3,6,14,4,10,22
212 Harvard St,42.3424° N 71.1242° W,Brookline,3,2,"$2,400","$7,200",0,0,7,1,7,2,6,3,7,3,8,8
702 Somerville Ave,42.3919° N 71.1145° W,Somerville,4,2,"$1,600","$6,400",1,1,8,4,7,3,10,3,8,3,3,13
1387 Commonwealth Ave,42.3490° N 71.1404° W,Allston,2,1,"$1,650","$3,300",1,0,5,3,7,1,8,1,8,1,6,12
69 Ashford St,42.3548° N 71.1228° W,Allston,3,2,"$1,700","$5,100",1,1,6,3,5,6,7,3,12,1,6,13
20 Holland St,42.3968° N 71.1225° W,Somerville,3,1,"$2,025","$6,075",0,0,2,4,4,3,5,3,4,3,12,16
126 Walden St,42.3922° N 71.1288° W,Porter Square,2,1,"$2,150","$4,300",0,0,4,6,2,3,3,7,13,2,9,12
41 Huron Ave,42.3823° N 71.1282° W,Cambridge,3,1,"$2,000","$6,000",1,1,2,5,4,4,2,7,8,4,14,10
54 Pearl St,42.3620° N 71.1034° W,Cambridge,2,1,"$2,425","$4,850",0,0,4,3,7,2,3,3,8,2,7,17
642 Massachusetts Ave,42.3416° N 71.0879° W,Boston,2,1,"$2,600","$5,200",1,1,9,4,12,1,9,4,8,1,8,13
152 College Ave,42.4008° N 71.1204° W,Somerville,4,1,"$1,500","$6,000",0,0,2,5,7,6,6,2,7,1,7,10
1054 Massachusetts Ave,42.3381° N 71.0973° W,Boston,4,2,"$2,150","$8,600",1,1,5,1,11,2,9,2,3,1,8,9
150 Garden St,42.3817° N 71.1229° W,Cambridge,3,1,"$2,425","$7,275",0,1,6,2,5,3,6,3,10,2,7,8
35 Beech St,42.3905° N 71.1226° W,Porter Square,3,1,"$1,950","$5,850",0,0,4,7,5,5,4,5,13,2,8,13
313 Tremont St,42.3513° N 71.0665° W,Boston,3,1,"$2,400","$7,200",1,1,6,2,12,2,10,1,8,2,5,15
170 Longwood Ave,42.3419° N 71.1177° W,Brookline,4,2,"$2,175","$8,700",1,1,5,5,3,3,6,5,9,1,5,15
596 Commonwealth Ave,42.3490° N 71.0905° W,Boston,3,1,"$2,525","$7,575",0,0,4,1,11,1,5,1,8,1,4,9
140 Holland St,42.4006° N 71.1270° W,Somerville,3,1,"$1,650","$4,950",0,1,4,2,7,5,5,5,2,1,6,13
908 Huntington Ave,42.3354° N 71.1035° W,Boston,4,2,"$2,500","$10,000",0,0,6,3,6,2,8,4,6,4,5,8
1242 Cambridge St,42.3736° N 71.1084° W,Cambridge,2,1,"$2,325","$4,650",0,0,7,2,8,2,5,1,8,3,7,10
1374 Commonwealth Ave,42.3491° N 71.1398° W,Allston,2,1,"$1,650","$3,300",0,1,5,1,11,3,5,4,5,4,8,13
142 Glenville Ave,42.3539° N 71.1363° W,Allston,2,1,"$1,850","$3,700",0,0,1,9,1,3,5,8,13,2,13,22
548 Broadway,42.3937° N 71.1066° W,Somerville,4,1,"$1,675","$6,700",1,1,4,4,8,6,4,6,9,1,10,18
182 Aspinwall Ave,42.3363° N 71.1204° W,Brookline,2,1,"$2,275","$4,550",1,0,3,4,1,9,4,7,16,3,12,21
236 Huron Ave,42.3874° N 71.1373° W,Cambridge,3,1,"$2,325","$6,975",0,1,1,10,2,8,3,7,16,4,14,18
496 Tremont St,42.3474° N 71.0695° W,Boston,3,1,"$2,325","$6,975",1,0,7,4,10,2,6,4,8,4,6,12
16 River St,42.3619° N 71.1152° W,Cambridge,3,1,"$2,575","$7,725",1,0,5,4,6,4,3,2,11,2,6,14
767 Somerville Ave,42.3933° N 71.1168° W,Somerville,4,2,"$1,675","$6,700",0,1,9,2,8,2,5,1,4,1,5,13
186 Highland Ave,42.3908° N 71.1075° W,Somerville,3,2,"$1,875","$5,625",1,1,3,7,3,6,7,3,8,2,10,11
176 Brighton Ave,42.3511° N 71.1332° W,Allston,3,1,"$1,950","$5,850",0,0,6,3,12,3,11,3,4,3,3,12
114 Babcock St,42.3515° N 71.1222° W,Brookline,2,1,"$2,425","$4,850",0,0,3,3,6,5,5,6,6,2,9,18
1004 Commonwealth Ave,42.3505° N 71.1234° W,Allston,3,1,"$1,475","$4,425",1,1,4,3,11,2,7,1,7,3,4,14
888 Somerville Ave,42.3969° N 71.1217° W,Somerville,3,1,"$1,875","$5,625",1,0,4,1,7,2,7,4,6,1,3,9
2170 Massachusetts Ave,42.3944° N 71.1275° W,Porter Square,3,1,"$2,100","$6,300",0,1,7,3,10,3,9,3,4,2,3,6
36 Porter Rd,42.3912° N 71.1216° W,Porter Square,3,1,"$1,850","$5,550",1,0,3,6,8,3,3,2,11,1,8,10
48 Porter Rd,42.3911° N 71.1222° W,Porter Square,3,1,"$2,475","$7,425",1,1,2,6,6,2,5,6,9,3,12,8
8 Aspinwall Ave,42.3345° N 71.1106° W,Brookline,2,1,"$1,850","$3,700",1,0,2,10,4,7,2,4,16,2,12,16
71 Porter Rd,42.3925° N 71.1226° W,Porter Square,3,1,"$2,300","$6,900",1,0,6,4,6,6,7,4,8,1,6,12
60 Linden St,42.3519° N 71.1298° W,Allston,3,1,"$1,700","$5,100",0,1,3,3,3,2,6,6,12,3,12,10
273 Pearl St,42.3660° N 71.1049° W,Cambridge,2,1,"$2,425","$4,850",0,0,6,4,8,3,5,6,12,1,12,16
352 Pearl St,42.3679° N 71.1054° W,Cambridge,2,1,"$2,500","$5,000",1,1,3,6,5,5,5,5,9,3,8,16
494 Highland Ave,42.3974° N 71.1234° W,Somerville,3,1,"$2,025","$6,075",0,1,2,2,7,5,4,3,8,2,6,15
149 Saint Paul St,42.3497° N 71.1163° W,Brookline,2,1,"$2,325","$4,650",1,0,5,3,8,3,6,6,7,1,11,8
255 Washington St,42.3372° N 71.1296° W,Brookline,2,1,"$2,225","$4,450",1,0,5,7,4,6,3,5,11,2,8,8
110 Chester St,42.3543° N 71.1288° W,Allston,4,2,"$1,825","$7,300",0,1,3,7,6,4,7,3,5,1,7,8
282 Beacon St,42.3824° N 71.1146° W,Somerville,4,2,"$2,000","$8,000",0,0,3,3,6,3,3,4,8,1,7,9
358 Marlborough St,42.3505° N 71.0850° W,Boston,2,1,"$2,125","$4,250",1,1,6,4,9,1,6,3,6,1,8,7
178 Harvard Ave,42.3542° N 71.1312° W,Allston,2,1,"$1,725","$3,450",1,1,8,2,12,3,10,3,3,4,5,12
1800 Massachusetts Ave,42.3876° N 71.1186° W,Porter Square,3,1,"$2,150","$6,450",1,0,11,3,14,3,8,2,1,1,2,11
608 Massachusetts Ave,42.3418° N 71.0864° W,Boston,3,2,"$2,325","$6,975",1,1,6,2,6,4,9,2,6,2,7,15
20 Porter Rd,42.3903° N 71.1206° W,Porter Square,4,2,"$2,250","$9,000",0,0,6,2,5,4,3,5,12,2,7,15
296 Commonwealth Ave,42.3510° N 71.0800° W,Boston,3,1,"$2,450","$7,350",0,0,9,2,6,2,9,4,6,3,3,10
148 Beacon St,42.3545° N 71.0747° W,Boston,3,2,"$2,075","$6,225",1,0,8,4,7,3,7,4,6,2,3,12
1548 Beacon St,42.3405° N 71.1301° W,Brookline,3,1,"$2,400","$7,200",1,0,6,4,7,4,5,1,3,3,8,10
84 Linden St,42.3522° N 71.1303° W,Allston,4,1,"$2,100","$8,400",1,0,6,4,4,4,6,4,10,1,7,15
558 Tremont St,42.3465° N 71.0704° W,Boston,2,1,"$2,200","$4,400",1,1,8,3,6,3,6,1,3,2,6,14
239 Harvard Ave,42.3564° N 71.1315° W,Allston,3,1,"$1,925","$5,775",0,0,10,3,13,2,12,3,3,2,3,6
50 Columbus Ave,42.3462° N 71.0782° W,Boston,4,2,"$2,600","$10,400",1,0,3,7,5,6,5,2,5,3,9,11
80 Commonwealth Ave,42.3524° N 71.0722° W,Boston,3,1,"$2,200","$6,600",0,0,4,2,11,2,6,2,7,1,7,15
537 Somerville Ave,42.3874° N 71.1086° W,Somerville,3,1,"$1,500","$4,500",0,0,6,4,7,4,5,4,7,4,4,14
34 Quint Ave,42.3497° N 71.1357° W,Allston,3,2,"$1,800","$5,400",0,1,1,7,5,3,2,4,11,2,11,15
138 Elm St,42.3928° N 71.1187° W,Somerville,4,2,"$2,275","$9,100",0,1,12,1,10,2,9,3,1,2,2,9
39 Beacon St,42.3749° N 71.1057° W,Somerville,2,1,"$1,625","$3,250",0,1,3,3,5,3,5,5,11,1,5,9
6 Longwood Ave,42.3391° N 71.1057° W,Brookline,2,1,"$2,450","$4,900",1,0,2,4,3,6,6,4,8,3,8,9
98 Ashford St,42.3556° N 71.1243° W,Allston,2,1,"$1,850","$3,700",1,1,3,7,5,3,7,3,8,1,11,9
92 Garden St,42.3803° N 71.1219° W,Cambridge,3,1,"$2,325","$6,975",0,1,4,4,8,4,4,4,12,3,10,12
134 Glenville Ave,42.3530° N 71.1365° W,Allston,3,1,"$1,575","$4,725",1,1,2,6,5,8,4,3,11,1,12,17
67 Garden St,42.3795° N 71.1219° W,Cambridge,4,2,"$2,425","$9,700",0,0,5,7,6,4,6,4,6,2,5,12
20 Brighton Ave,42.3527° N 71.1253° W,Allston,3,2,"$1,875","$5,625",0,0,7,3,16,1,9,2,2,4,5,8
297 Newbury St,42.3495° N 71.0825° W,Boston,3,2,"$2,250","$6,750",1,0,7,3,12,3,9,1,3,4,6,8
212 Garden St,42.3838° N 71.1237° W,Cambridge,3,1,"$2,100","$6,300",0,1,6,4,7,4,7,5,8,1,8,8
1348 Beacon St,42.3421° N 71.1230° W,Brookline,2,1,"$2,000","$4,000",0,1,5,4,12,1,6,2,4,4,6,12
246 Aspinwall Ave,42.3370° N 71.1243° W,Brookline,2,1,"$2,050","$4,100",1,0,2,7,5,6,5,8,13,2,7,15
6 Aspinwall Ave,42.3340° N 71.1103° W,Brookline,2,1,"$2,250","$4,500",1,1,4,6,2,5,2,4,12,4,12,18
22 Holland St,42.3969° N 71.1226° W,Somerville,4,1,"$2,175","$8,700",1,1,3,5,3,6,3,3,3,3,9,12
319 Harvard St,42.3456° N 71.1265° W,Brookline,2,1,"$2,250","$4,500",1,1,5,3,8,1,6,1,5,3,3,8
1720 Cambridge St,42.3738° N 71.1155° W,Cambridge,2,1,"$2,425","$4,850",1,0,5,2,10,2,10,2,8,2,8,6
691 Somerville Ave,42.3917° N 71.1143° W,Somerville,3,1,"$1,900","$5,700",0,0,4,3,9,1,10,4,7,1,6,11
1114 Boylston St,42.3486° N 71.0847° W,Boston,2,1,"$2,250","$4,500",0,0,8,1,8,3,10,2,6,2,2,6
92 Walden St,42.3906° N 71.1277° W,Porter Square,4,1,"$1,875","$7,500",1,0,4,8,1,8,2,5,14,3,10,11
340 Huntington Ave,42.3416° N 71.0880° W,Boston,3,1,"$2,275","$6,825",0,0,6,2,10,4,7,1,5,2,8,8
266 Commonwealth Ave,42.3509° N 71.0794° W,Boston,2,1,"$2,575","$5,150",1,1,4,3,8,3,5,3,6,2,4,9
6 Porter Rd,42.3895° N 71.1194° W,Porter Square,2,1,"$2,125","$4,250",1,0,2,4,8,5,5,3,11,1,5,15
2104 Massachusetts Ave,42.3934° N 71.1261° W,Porter Square,3,1,"$2,000","$6,000",1,0,9,2,12,3,11,3,3,3,2,5
312 Washington St,42.3387° N 71.1317° W,Brookline,4,1,"$1,875","$7,500",0,1,4,7,6,6,5,5,6,2,9,13
47 Holland St,42.3977° N 71.1237° W,Somerville,3,1,"$1,925","$5,775",1,1,5,6,8,6,7,5,6,1,8,15
1372 Boylston St,42.3473° N 71.0885° W,Boston,2,1,"$2,425","$4,850",1,1,6,2,10,2,9,3,5,1,5,11
154 Cedar St,42.3892° N 71.1099° W,Somerville,2,1,"$1,875","$3,750",1,0,2,8,3,3,2,7,14,3,8,16
60 Quint Ave,42.3519° N 71.1366° W,Allston,2,1,"$1,700","$3,400",0,0,1,10,3,4,3,8,10,1,11,17
100 Quint Ave,42.3538° N 71.1382° W,Allston,3,1,"$1,775","$5,325",0,1,4,4,1,5,4,7,15,3,11,22
66 Garden St,42.3793° N 71.1221° W,Cambridge,2,1,"$2,100","$4,200",0,1,3,7,4,6,3,3,9,3,12,13
52 Huron Ave,42.3829° N 71.1295° W,Cambridge,3,2,"$2,125","$6,375",0,0,1,10,1,9,2,6,7,2,9,22
12 Saint Paul St,42.3422° N 71.1130° W,Brookline,2,1,"$2,200","$4,400",1,1,5,4,4,3,4,3,6,1,8,12
84 Chester St,42.3533° N 71.1281° W,Allston,4,2,"$2,000","$8,000",1,0,5,6,5,4,7,3,12,3,6,16
289 Beacon St,42.3826° N 71.1146° W,Somerville,2,1,"$1,875","$3,750",0,1,4,6,6,2,6,5,10,3,12,13
12 Glenville Ave,42.3491° N 71.1326° W,Allston,3,1,"$1,675","$5,025",0,0,3,9,5,8,2,8,15,4,13,15
176 Pearl St,42.3642° N 71.1036° W,Cambridge,3,2,"$2,075","$6,225",1,1,5,4,5,2,6,2,12,3,7,17
344 Beacon St,42.3528° N 71.0827° W,Boston,3,1,"$2,275","$6,825",1,0,8,4,12,3,10,3,4,3,6,7
6 Huron Ave,42.3818° N 71.1266° W,Cambridge,2,1,"$2,075","$4,150",1,0,4,8,5,4,5,3,7,3,13,19
196 College Ave,42.4019° N 71.1203° W,Somerville,3,1,"$1,575","$4,725",1,1,4,4,3,5,6,3,11,2,10,11
214 Prospect St,42.3722° N 71.1039° W,Cambridge,4,2,"$2,075","$8,300",1,0,7,2,8,1,7,1,7,2,8,14
70 Washington St,42.3333° N 71.1216° W,Brookline,4,1,"$2,125","$8,500",1,1,6,2,8,5,6,6,8,2,7,12
209 Harvard St,42.3426° N 71.1240° W,Brookline,3,1,"$1,975","$5,925",0,1,9,3,12,4,9,2,8,4,3,14
12 Babcock St,42.3489° N 71.1172° W,Brookline,3,1,"$2,200","$6,600",1,0,4,4,8,5,7,4,5,1,10,17
1016 Huntington Ave,42.3350° N 71.1060° W,Boston,3,1,"$2,350","$7,050",1,1,7,2,10,4,10,2,3,2,5,10
134 Brattle St,42.3781° N 71.1293° W,Cambridge,2,1,"$2,400","$4,800",0,1,5,6,8,5,3,6,4,3,11,10
332 Beacon St,42.3528° N 71.0825° W,Boston,3,2,"$2,225","$6,675",1,1,7,1,10,4,10,2,3,1,3,13
276 Harvard St,42.3439° N 71.1253° W,Brookline,4,2,"$2,400","$9,600",0,1,9,4,10,4,5,3,4,2,3,8
113 Glenville Ave,42.3523° N 71.1350° W,Allston,3,1,"$1,650","$4,950",1,1,1,4,5,6,5,3,7,4,11,15
720 Huntington Ave,42.3376° N 71.0976° W,Boston,4,1,"$2,275","$9,100",1,0,5,1,6,3,8,1,8,2,6,11
84 Holland St,42.3985° N 71.1252° W,Somerville,3,1,"$1,800","$5,400",1,0,2,3,8,2,6,4,6,2,8,12
60 Longwood Ave,42.3397° N 71.1093° W,Brookline,2,1,"$2,150","$4,300",0,0,4,4,6,6,4,6,5,2,6,9
462 Commonwealth Ave,42.3500° N 71.0849° W,Boston,3,2,"$2,600","$7,800",1,0,6,4,6,4,5,3,5,3,4,9
97 Holland St,42.3996° N 71.1260° W,Somerville,2,1,"$1,850","$3,700",0,1,3,7,6,4,3,3,3,2,11,16
1189 Beacon St,42.3428° N 71.1175° W,Brookline,3,2,"$2,325","$6,975",1,1,7,3,9,4,9,4,5,3,3,15
418 River St,42.3694° N 71.1137° W,Cambridge,3,1,"$2,075","$6,225",1,1,5,5,4,4,7,4,8,1,12,14
484 Tremont St,42.3477° N 71.0692° W,Boston,2,1,"$2,475","$4,950",1,1,7,1,7,2,6,4,4,2,5,11
1062 Broadway,42.3782° N 71.1157° W,Cambridge,2,1,"$2,300","$4,600",0,1,7,3,12,2,6,1,4,2,8,15
2274 Massachusetts Ave,42.3974° N 71.1296° W,Porter Square,4,2,"$2,300","$9,200",1,1,6,3,15,2,8,3,4,1,6,10
576 Massachusetts Ave,42.3418° N 71.0852° W,Boston,4,1,"$2,475","$9,900",0,1,7,1,12,1,7,2,4,4,7,7
56 Roseland St,42.3905° N 71.1226° W,Porter Square,3,1,"$2,050","$6,150",1,0,3,4,2,4,5,8,8,3,8,11
274 Marlborough St,42.3518° N 71.0825° W,Boston,3,1,"$2,350","$7,050",1,0,5,4,8,1,6,3,3,4,6,7
568 Commonwealth Ave,42.3491° N 71.0893° W,Boston,2,1,"$2,350","$4,700",1,1,9,1,7,4,5,1,8,2,5,7
806 Somerville Ave,42.3943° N 71.1184° W,Somerville,4,2,"$2,000","$8,000",1,0,4,2,6,1,8,2,7,3,5,14
20 Beech St,42.3901° N 71.1213° W,Porter Square,2,1,"$2,125","$4,250",0,0,1,10,3,7,4,8,10,3,11,19
682 Broadway,42.3951° N 71.1129° W,Somerville,4,2,"$1,700","$6,800",0,1,3,2,8,4,6,2,9,2,6,9
73 Glenville Ave,42.3514° N 71.1341° W,Allston,4,1,"$1,650","$6,600",0,1,2,10,4,9,2,3,9,4,7,17
424 Huntington Ave,42.3403° N 71.0908° W,Boston,2,1,"$2,250","$4,500",1,0,9,2,8,4,10,1,5,4,6,11
110 Linden St,42.3532° N 71.1304° W,Allston,4,1,"$1,725","$6,900",0,1,4,2,7,2,3,6,9,2,6,13
125 Elm St,42.3921° N 71.1185° W,Somerville,2,1,"$2,075","$4,150",0,0,12,1,12,3,10,3,1,4,5,7
224 Huron Ave,42.3869° N 71.1374° W,Cambridge,2,1,"$2,175","$4,350",1,1,1,5,1,4,3,5,14,2,13,17
1439 Cambridge St,42.3739° N 71.1114° W,Cambridge,3,2,"$2,125","$6,375",1,0,4,1,8,2,6,4,7,4,8,7
144 Babcock St,42.3529° N 71.1230° W,Brookline,3,1,"$2,125","$6,375",0,1,6,3,4,3,5,5,11,2,11,8
156 Huron Ave,42.3856° N 71.1340° W,Cambridge,2,1,"$2,200","$4,400",1,1,1,7,1,6,4,7,15,1,14,21
600 Huntington Ave,42.3385° N 71.0954° W,Boston,4,1,"$2,400","$9,600",1,0,9,4,6,1,7,1,6,2,6,12
182 Huron Ave,42.3856° N 71.1347° W,Cambridge,3,1,"$2,100","$6,300",1,0,2,8,4,7,3,3,8,4,14,16
6 Quint Ave,42.3485° N 71.1349° W,Allston,3,1,"$1,800","$5,400",1,0,4,6,5,6,4,8,15,1,11,13
227 Cedar St,42.3910° N 71.1122° W,Somerville,3,2,"$1,700","$5,100",0,0,4,5,5,8,2,4,10,1,9,17
54 Harvard Ave,42.3505° N 71.1309° W,Allston,2,1,"$1,550","$3,100",0,1,12,1,8,2,8,2,3,2,2,12
1328 Commonwealth Ave,42.3494° N 71.1382° W,Allston,2,1,"$2,150","$4,300",0,0,5,3,7,4,8,1,3,1,7,6
314 Tremont St,42.3511° N 71.0665° W,Boston,2,1,"$2,250","$4,500",0,0,6,2,8,4,9,2,8,4,7,13
234 Harvard St,42.3430° N 71.1244° W,Brookline,4,1,"$1,850","$7,400",1,0,5,3,8,4,9,2,3,2,3,13
1426 Cambridge St,42.3735° N 71.1107° W,Cambridge,3,1,"$2,050","$6,150",1,0,7,4,6,2,8,4,7,3,7,12
50 Beech St,42.3911° N 71.1231° W,Porter Square,4,1,"$2,050","$8,200",0,1,3,6,4,6,2,3,13,2,14,15
526 Harrison Ave,42.3390° N 71.0698° W,Boston,2,1,"$2,175","$4,350",0,1,5,3,7,3,5,3,9,3,11,17
252 Beacon St,42.3536° N 71.0790° W,Boston,3,1,"$2,325","$6,975",1,1,6,2,11,3,6,4,3,3,7,15
86 Linden St,42.3525° N 71.1304° W,Allston,4,1,"$1,625","$6,500",0,0,4,7,3,2,3,2,5,2,9,17
652 Tremont St,42.3441° N 71.0719° W,Boston,3,2,"$2,425","$7,275",0,0,7,4,11,1,6,3,7,1,5,6
280 Tremont St,42.3523° N 71.0663° W,Boston,2,1,"$2,125","$4,250",0,1,6,2,7,1,5,1,6,2,4,6
124 Harvard St,42.3387° N 71.1223° W,Brookline,3,1,"$2,375","$7,125",0,0,7,3,12,3,6,4,5,1,6,13
164 Columbus Ave,42.3449° N 71.0798° W,Boston,2,1,"$2,500","$5,000",0,0,4,3,8,6,4,3,11,3,8,9
496 College Ave,42.4083° N 71.1184° W,Somerville,3,2,"$1,675","$5,025",0,1,2,3,4,3,4,4,5,2,6,12
679 Broadway,42.3723° N 71.1047° W,Cambridge,2,1,"$2,275","$4,550",0,0,4,4,12,2,10,1,6,2,7,12
2 Beech St,42.3893° N 71.1212° W,Porter Square,3,1,"$1,925","$5,775",0,0,3,9,2,4,3,3,10,3,7,11
1475 Beacon St,42.3411° N 71.1272° W,Brookline,2,1,"$1,925","$3,850",1,1,6,3,11,1,8,1,4,3,3,15
3 Walden St,42.3866° N 71.1239° W,Porter Square,2,1,"$2,025","$4,050",0,0,3,8,4,9,4,3,9,1,13,15
1120 Boylston St,42.3487° N 71.0842° W,Boston,2,1,"$2,375","$4,750",1,0,6,2,14,3,7,1,4,3,2,12
837 Somerville Ave,42.3950° N 71.1199° W,Somerville,4,1,"$1,525","$6,100",1,0,9,3,6,3,9,2,8,4,6,15
174 Walden St,42.3943° N 71.1309° W,Porter Square,3,1,"$2,350","$7,050",1,1,3,8,4,7,2,4,13,4,14,21
362 Pearl St,42.3680° N 71.1054° W,Cambridge,3,2,"$2,575","$7,725",1,0,2,7,6,2,6,2,11,2,8,8
124 Babcock St,42.3518° N 71.1228° W,Brookline,3,1,"$2,275","$6,825",1,0,3,3,6,4,3,6,11,3,5,13
130 Brattle St,42.3786° N 71.1294° W,Cambridge,3,2,"$2,350","$7,050",1,1,2,3,6,5,3,4,8,3,11,17
10 Cedar St,42.3843° N 71.1057° W,Somerville,2,1,"$1,775","$3,550",0,1,3,7,1,9,3,4,13,3,7,17
208 College Ave,42.4018° N 71.1197° W,Somerville,2,1,"$1,550","$3,100",0,0,2,2,3,5,7,4,6,3,11,8
52 Washington St,42.3325° N 71.1207° W,Brookline,3,1,"$1,875","$5,625",0,0,5,2,6,6,5,3,8,2,12,16
238 Brattle St,42.3831° N 71.1383° W,Cambridge,2,1,"$2,375","$4,750",0,0,6,6,7,3,5,6,6,2,12,18
450 Broadway,42.3694° N 71.0994° W,Cambridge,2,1,"$2,525","$5,050",0,1,7,4,6,4,5,3,5,3,5,8
634 Massachusetts Ave,42.3415° N 71.0875° W,Boston,3,2,"$2,600","$7,800",0,1,9,3,11,4,10,4,3,1,7,9
302 Beacon St,42.3830° N 71.1147° W,Somerville,3,2,"$1,700","$5,100",0,0,3,2,6,6,6,3,6,3,5,15
1324 Beacon St,42.3422° N 71.1216° W,Brookline,3,1,"$2,425","$7,275",0,1,9,4,6,3,5,3,3,3,5,15
200 Tremont St,42.3532° N 71.0649° W,Boston,4,1,"$2,600","$10,400",0,0,6,2,12,4,10,3,8,3,4,10
1 Brattle St,42.3733° N 71.1176° W,Cambridge,2,1,"$2,050","$4,100",0,0,6,6,7,5,6,5,4,2,7,16
412 Cambridge St,42.3727° N 71.0951° W,Cambridge,3,2,"$2,300","$6,900",1,0,6,2,12,3,9,3,3,4,8,8
10 Pearl St,42.3612° N 71.1033° W,Cambridge,2,1,"$2,450","$4,900",0,0,4,6,6,6,6,6,5,3,11,15
270 Washington St,42.3380° N 71.1302° W,Brookline,3,1,"$2,050","$6,150",0,1,6,7,4,5,3,4,11,3,10,11
143 Brattle St,42.3792° N 71.1302° W,Cambridge,2,1,"$2,175","$4,350",1,1,2,3,5,6,7,2,10,2,5,12
44 Beacon St,42.3553° N 71.0708° W,Boston,4,1,"$2,525","$10,100",0,0,9,3,9,2,5,2,7,1,4,10
408 Somerville Ave,42.3847° N 71.1039° W,Somerville,4,1,"$2,025","$8,100",1,0,6,1,12,3,10,3,3,3,7,12
242 Brattle St,42.3827° N 71.1387° W,Cambridge,4,2,"$2,275","$9,100",1,0,6,5,6,5,7,4,4,3,8,8
2 Newbury St,42.3523° N 71.0704° W,Boston,3,1,"$2,275","$6,825",0,1,7,2,13,2,9,3,4,2,5,8
6 Chester St,42.3504° N 71.1268° W,Allston,2,1,"$2,025","$4,050",0,0,2,6,3,6,3,5,9,1,8,14
316 Newbury St,42.3493° N 71.0839° W,Boston,3,1,"$2,425","$7,275",1,1,12,1,12,3,8,2,4,2,6,8
70 Beacon St,42.3545° N 71.0721° W,Boston,2,1,"$2,475","$4,950",1,0,9,2,12,2,8,4,5,4,5,10
470 Tremont St,42.3484° N 71.0686° W,Boston,2,1,"$2,500","$5,000",0,1,6,2,6,4,5,4,6,4,5,6
344 Harvard St,42.3462° N 71.1276° W,Brookline,2,1,"$2,175","$4,350",1,0,8,4,6,3,7,4,4,2,3,13
112 Cambridge St,42.3722° N 71.0910° W,Cambridge,3,1,"$2,050","$6,150",0,1,4,3,11,1,9,3,6,4,7,6
1188 Commonwealth Ave,42.3502° N 71.1318° W,Allston,4,2,"$1,450","$5,800",0,0,6,1,12,1,5,4,8,2,3,8
1342 Beacon St,42.3424° N 71.1225° W,Brookline,2,1,"$1,975","$3,950",1,1,7,3,9,3,8,4,1,3,8,14
64 Quint Ave,42.3520° N 71.1370° W,Allston,4,1,"$1,875","$7,500",1,0,2,9,2,3,3,7,14,4,8,13
518 Harrison Ave,42.3390° N 71.0691° W,Boston,3,2,"$2,275","$6,825",0,1,2,6,7,5,5,4,12,2,11,11
120 Holland St,42.4002° N 71.1269° W,Somerville,3,2,"$2,200","$6,600",1,1,6,6,5,2,5,4,2,2,8,9
170 Garden St,42.3827° N 71.1230° W,Cambridge,3,1,"$2,100","$6,300",1,1,2,2,7,3,6,5,12,1,9,15
170 Walden St,42.3945° N 71.1308° W,Porter Square,2,1,"$1,875","$3,750",1,0,1,5,2,8,4,3,15,1,10,22
1109 Beacon St,42.3437° N 71.1141° W,Brookline,2,1,"$2,025","$4,050",1,0,6,1,9,1,9,1,5,1,5,9
2099 Massachusetts Ave,42.3936° N 71.1256° W,Porter Square,3,1,"$1,975","$5,925",1,1,9,3,13,3,8,3,2,2,6,12
50 Ashford St,42.3543° N 71.1227° W,Allston,2,1,"$1,725","$3,450",0,1,3,7,8,3,5,4,11,1,5,10
57 Porter Rd,42.3919° N 71.1220° W,Porter Square,3,2,"$1,975","$5,925",0,1,5,7,3,2,4,3,11,1,7,18
186 Newbury St,42.3508° N 71.0782° W,Boston,2,1,"$2,300","$4,600",1,0,7,3,16,1,12,3,7,4,3,7
204 Aspinwall Ave,42.3368° N 71.1218° W,Brookline,3,1,"$2,200","$6,600",1,0,1,4,3,7,3,7,11,1,11,14
586 Harrison Ave,42.3375° N 71.0702° W,Boston,4,1,"$2,275","$9,100",0,0,3,6,5,2,6,3,7,3,6,18
220 Holland St,42.4028° N 71.1304° W,Somerville,4,2,"$1,975","$7,900",0,1,3,2,5,6,3,4,2,1,7,12
14 Beech St,42.3897° N 71.1214° W,Porter Square,2,1,"$2,200","$4,400",0,0,2,5,4,8,3,7,15,4,10,19
134 Ashford St,42.3572° N 71.1263° W,Allston,3,1,"$1,850","$5,550",1,0,2,2,6,3,5,6,10,1,10,16
17 Harvard Ave,42.3485° N 71.1306° W,Allston,3,1,"$2,200","$6,600",0,1,11,3,15,2,12,3,4,3,2,8
40 Upland Rd,42.3912° N 71.1244° W,Porter Square,2,1,"$2,025","$4,050",1,1,1,9,5,8,5,5,15,4,7,20
66 Ashford St,42.3551° N 71.1234° W,Allston,4,1,"$1,475","$5,900",1,0,6,6,6,3,3,5,5,3,9,13
83 Huron Ave,42.3834° N 71.1300° W,Cambridge,2,1,"$2,300","$4,600",1,0,4,7,2,6,3,3,14,2,7,11
138 Glenville Ave,42.3539° N 71.1362° W,Allston,3,1,"$1,525","$4,575",0,1,1,7,4,5,5,7,7,3,13,22
30 Brighton Ave,42.3526° N 71.1257° W,Allston,3,2,"$2,025","$6,075",0,0,8,2,15,2,8,1,3,2,6,11
950 Huntington Ave,42.3354° N 71.1038° W,Boston,2,1,"$2,100","$4,200",0,1,5,4,6,2,5,4,4,3,5,13
314 Huron Ave,42.3888° N 71.1412° W,Cambridge,3,1,"$2,375","$7,125",0,1,3,8,4,8,4,8,11,4,12,21
126 Beacon St,42.3774° N 71.1093° W,Somerville,3,1,"$1,850","$5,550",0,1,6,5,7,4,7,4,5,2,11,14
188 Washington St,42.3363° N 71.1262° W,Brookline,2,1,"$2,400","$4,800",0,1,4,2,3,6,3,4,11,1,10,18
74 Highland Ave,42.3878° N 71.1016° W,Somerville,2,1,"$1,550","$3,100",0,0,5,5,7,6,6,2,7,2,8,17
234 Elm St,42.3950° N 71.1228° W,Somerville,3,1,"$2,025","$6,075",0,1,7,1,11,1,12,1,1,3,6,7
60 Upland Rd,42.3914° N 71.1254° W,Porter Square,3,1,"$2,275","$6,825",0,0,3,8,3,7,2,7,9,1,12,21
8 Babcock St,42.3485° N 71.1166° W,Brookline,3,2,"$2,175","$6,525",0,1,5,3,8,3,5,4,12,3,6,9
276 Broadway,42.3900° N 71.0938° W,Somerville,2,1,"$1,975","$3,950",1,1,2,2,4,3,7,3,5,3,5,16
728 Broadway,42.3959° N 71.1140° W,Somerville,4,1,"$1,525","$6,100",0,0,3,5,6,4,7,2,11,3,5,10
1 Roseland St,42.3886° N 71.1193° W,Porter Square,3,1,"$2,300","$6,900",1,0,2,10,3,9,5,5,9,1,12,13
332 Huron Ave,42.3893° N 71.1420° W,Cambridge,2,1,"$2,325","$4,650",0,1,1,5,2,3,2,5,14,4,13,15
897 Huntington Ave,42.3358° N 71.1035° W,Boston,3,1,"$2,525","$7,575",0,0,9,1,7,2,7,1,5,3,5,12
350 Commonwealth Ave,42.3510° N 71.0815° W,Boston,4,1,"$2,225","$8,900",1,1,6,3,9,3,5,4,5,3,7,6
1168 Boylston St,42.3479° N 71.0851° W,Boston,3,1,"$2,575","$7,725",1,1,12,2,13,3,8,1,3,1,6,11
412 River St,42.3699° N 71.1139° W,Cambridge,2,1,"$2,275","$4,550",0,0,2,5,5,2,6,5,8,3,10,13
1398 Commonwealth Ave,42.3490° N 71.1409° W,Allston,3,1,"$2,025","$6,075",1,0,5,3,11,4,9,2,7,2,4,6
90 Quint Ave,42.3527° N 71.1385° W,Allston,2,1,"$1,800","$3,600",0,1,3,8,2,6,4,3,16,4,10,21
60 Porter Rd,42.3918° N 71.1226° W,Porter Square,3,1,"$2,275","$6,825",1,0,4,5,4,4,3,5,8,3,6,17
66 Quint Ave,42.3519° N 71.1372° W,Allston,4,2,"$1,750","$7,000",0,0,1,9,4,9,2,6,12,1,9,13
144 Longwood Ave,42.3413° N 71.1165° W,Brookline,3,1,"$2,225","$6,675",0,0,6,4,4,5,6,4,12,1,8,9
58 Harvard Ave,42.3506° N 71.1308° W,Allston,3,1,"$1,675","$5,025",1,1,12,1,14,1,10,1,4,1,3,5
98 Washington St,42.3344° N 71.1233° W,Brookline,3,1,"$2,050","$6,150",0,0,4,2,5,6,7,3,11,3,8,15
23 Washington St,42.3320° N 71.1195° W,Brookline,3,1,"$2,400","$7,200",1,0,2,5,7,3,3,2,10,2,9,11
74 Brighton Ave,42.3525° N 71.1280° W,Allston,3,1,"$1,550","$4,650",0,0,12,1,10,1,11,3,4,4,5,11
142 Ashford St,42.3571° N 71.1267° W,Allston,3,1,"$1,425","$4,275",0,0,4,7,5,3,7,3,8,1,12,12
206 Highland Ave,42.3912° N 71.1085° W,Somerville,3,1,"$1,675","$5,025",0,0,2,7,5,2,3,6,9,2,11,16
38 Porter Rd,42.3910° N 71.1215° W,Porter Square,3,1,"$2,350","$7,050",0,0,2,7,7,6,5,6,6,3,10,9
52 Babcock St,42.3498° N 71.1185° W,Brookline,2,1,"$1,850","$3,700",1,0,5,4,6,3,4,2,5,3,8,13
69 Longwood Ave,42.3402° N 71.1105° W,Brookline,2,1,"$2,250","$4,500",1,0,3,5,6,2,3,2,12,3,5,11
488 Columbus Ave,42.3401° N 71.0838° W,Boston,2,1,"$2,125","$4,250",0,1,6,5,8,5,3,6,9,3,6,16
646 Harrison Ave,42.3367° N 71.0713° W,Boston,2,1,"$2,100","$4,200",0,0,6,2,5,5,5,5,9,3,7,9
584 Harrison Ave,42.3381° N 71.0703° W,Boston,3,1,"$2,375","$7,125",1,1,4,3,5,2,7,6,8,1,8,9
170 Columbus Ave,42.3447° N 71.0799° W,Boston,4,1,"$2,325","$9,300",1,0,5,3,6,6,7,5,6,3,11,14
126 Brighton Ave,42.3516° N 71.1310° W,Allston,4,1,"$2,250","$9,000",0,1,12,1,15,2,12,1,3,4,6,8
28 Porter Rd,42.3907° N 71.1208° W,Porter Square,3,2,"$1,900","$5,700",1,0,3,7,4,6,4,2,6,2,7,11
42 Brattle St,42.3752° N 71.1219° W,Cambridge,3,1,"$2,350","$7,050",0,1,6,3,7,6,6,4,8,3,6,15
127 Prospect St,42.3693° N 71.1039° W,Cambridge,2,1,"$2,400","$4,800",0,1,7,2,9,3,6,1,8,2,4,14
26 Upland Rd,42.3905° N 71.1234° W,Porter Square,2,1,"$2,200","$4,400",1,1,3,7,1,5,3,8,14,1,8,19
160 Brighton Ave,42.3514° N 71.1319° W,Allston,4,2,"$2,075","$8,300",0,1,7,1,16,1,12,1,3,2,3,6
306 Huron Ave,42.3886° N 71.1411° W,Cambridge,3,2,"$2,325","$6,975",0,1,2,9,5,4,5,7,14,4,14,20
268 Broadway,42.3667° N 71.0939° W,Cambridge,3,1,"$2,425","$7,275",1,0,8,3,6,4,9,2,4,2,3,7
178 Walden St,42.3944° N 71.1315° W,Porter Square,2,1,"$1,850","$3,700",1,1,4,8,3,7,5,5,12,2,11,13
146 Harvard Ave,42.3536° N 71.1311° W,Allston,2,1,"$1,750","$3,500",0,1,10,3,15,3,12,2,4,4,4,6
114 Tremont St,42.3555° N 71.0637° W,Boston,4,1,"$2,100","$8,400",1,0,9,3,11,4,10,4,6,4,8,8
1382 Beacon St,42.3421° N 71.1237° W,Brookline,4,1,"$2,100","$8,400",0,1,9,2,9,3,10,2,2,3,4,7
32 Harvard Ave,42.3492° N 71.1304° W,Allston,2,1,"$1,850","$3,700",0,1,12,1,15,2,8,1,2,2,6,12
84 Babcock St,42.3511° N 71.1208° W,Brookline,3,1,"$2,000","$6,000",1,1,4,5,5,6,4,3,5,2,8,9
56 Porter Rd,42.3920° N 71.1222° W,Porter Square,2,1,"$2,375","$4,750",0,0,2,4,5,3,4,4,10,1,10,16
52 Chester St,42.3522° N 71.1278° W,Allston,3,1,"$1,825","$5,475",1,1,5,6,3,3,4,5,8,1,6,12
12 Beech St,42.3896° N 71.1216° W,Porter Square,3,1,"$2,275","$6,825",0,0,3,7,2,4,2,5,7,4,8,13
14 Roseland St,42.3889° N 71.1207° W,Porter Square,4,2,"$2,250","$9,000",1,0,1,7,1,3,3,8,13,4,14,13
156 Garden St,42.3824° N 71.1230° W,Cambridge,3,2,"$2,450","$7,350",1,0,4,3,3,3,3,4,7,3,11,8
50 Pearl St,42.3624° N 71.1033° W,Cambridge,3,2,"$2,175","$6,525",0,0,2,6,4,2,5,4,9,3,8,9
784 Somerville Ave,42.3938° N 71.1178° W,Somerville,4,2,"$1,775","$7,100",1,1,7,2,10,2,10,1,4,4,4,11
28 Beacon St,42.3751° N 71.1057° W,Somerville,2,1,"$1,650","$3,300",0,1,6,7,7,5,6,3,10,2,5,9
446 Tremont St,42.3488° N 71.0690° W,Boston,3,1,"$2,500","$7,500",1,1,6,3,9,3,7,1,8,2,4,7
34 Washington St,42.3326° N 71.1202° W,Brookline,2,1,"$2,125","$4,250",0,0,2,3,4,6,6,5,6,2,11,17
1018 Beacon St,42.3436° N 71.1116° W,Brookline,3,1,"$2,450","$7,350",0,1,8,4,6,4,7,2,2,1,5,8
210 Harvard Ave,42.3552° N 71.1321° W,Allston,3,2,"$2,125","$6,375",1,1,7,2,14,2,7,1,3,1,4,12
457 Harrison Ave,42.3403° N 71.0687° W,Boston,2,1,"$2,200","$4,400",0,0,2,5,6,6,4,2,8,1,7,17
46 Roseland St,42.3906° N 71.1218° W,Porter Square,4,1,"$2,225","$8,900",1,1,1,10,2,6,5,5,7,2,12,19
2016 Massachusetts Ave,42.3897° N 71.1241° W,Cambridge,4,1,"$2,125","$8,500",0,0,10,2,9,2,8,1,3,1,3,7
122 Glenville Ave,42.3530° N 71.1360° W,Allston,3,1,"$1,525","$4,575",1,0,4,10,3,9,3,5,12,3,11,22
16 Elm St,42.3898° N 71.1144° W,Somerville,3,2,"$2,175","$6,525",0,0,6,1,11,1,9,3,4,2,4,11
58 Saint Paul St,42.3454° N 71.1144° W,Brookline,2,1,"$1,950","$3,900",1,1,3,7,5,2,3,2,5,1,8,16
572 Columbus Ave,42.3388° N 71.0851° W,Boston,4,1,"$2,225","$8,900",0,0,4,4,5,4,7,2,9,1,8,18
44 Garden St,42.3786° N 71.1212° W,Cambridge,4,2,"$2,300","$9,200",1,1,4,4,6,3,5,5,6,2,12,17
55 Linden St,42.3510° N 71.1291° W,Allston,3,2,"$2,050","$6,150",1,0,6,5,4,4,3,6,11,1,6,18
70 Newbury St,42.3516° N 71.0736° W,Boston,3,2,"$2,325","$6,975",0,1,12,3,9,3,10,3,3,1,2,6
70 River St,42.3630° N 71.1149° W,Cambridge,4,1,"$2,550","$10,200",0,1,3,3,4,4,5,4,10,1,11,8
224 Beacon St,42.3532° N 71.0784° W,Boston,2,1,"$2,275","$4,550",0,1,4,3,11,3,7,1,3,1,6,13
46 Highland Ave,42.3874° N 71.1006° W,Somerville,2,1,"$2,200","$4,400",1,0,6,4,8,5,5,3,11,2,6,12
24 Glenville Ave,42.3497° N 71.1328° W,Allston,3,1,"$1,450","$4,350",0,1,3,8,2,7,3,7,14,2,7,17
212 Harvard Ave,42.3552° N 71.1315° W,Allston,2,1,"$1,750","$3,500",1,0,11,2,14,1,10,2,4,4,5,7
402 Broadway,42.3917° N 71.0999° W,Somerville,2,1,"$1,875","$3,750",0,1,5,4,6,2,7,2,10,2,10,15
120 Aspinwall Ave,42.3358° N 71.1168° W,Brookline,3,1,"$2,000","$6,000",0,0,1,7,2,4,4,6,13,1,11,13
64 Cedar St,42.3863° N 71.1068° W,Somerville,3,2,"$1,925","$5,775",1,1,1,7,1,4,2,8,11,3,13,22
732 Massachusetts Ave,42.3407° N 71.0901° W,Boston,2,1,"$2,550","$5,100",0,0,7,2,8,3,6,1,7,4,7,9
88 Upland Rd,42.3932° N 71.1266° W,Porter Square,2,1,"$2,175","$4,350",0,0,1,5,2,7,5,6,11,2,12,12
122 Brighton Ave,42.3514° N 71.1303° W,Allston,3,1,"$1,750","$5,250",0,0,10,1,11,1,11,2,1,3,6,12
82 Harvard Ave,42.3509° N 71.1308° W,Allston,3,1,"$1,975","$5,925",0,0,10,1,10,2,7,2,1,4,4,6
683 Boylston St,42.3501° N 71.0772° W,Boston,2,1,"$2,200","$4,400",0,0,12,3,15,3,12,1,2,3,3,9
256 Highland Ave,42.3924° N 71.1111° W,Somerville,2,1,"$2,175","$4,350",0,1,4,7,3,5,6,3,5,2,11,17
564 Broadway,42.3937° N 71.1081° W,Somerville,3,1,"$2,250","$6,750",0,0,4,3,7,4,6,3,9,2,6,9
98 Longwood Ave,42.3406° N 71.1126° W,Brookline,2,1,"$2,075","$4,150",1,1,4,6,3,2,4,5,8,3,6,8
158 Glenville Ave,42.3544° N 71.1369° W,Allston,3,1,"$1,425","$4,275",1,1,4,4,5,3,4,8,16,3,11,21
136 Longwood Ave,42.3412° N 71.1154° W,Brookline,3,2,"$1,850","$5,550",1,1,4,6,3,5,5,3,8,3,9,18
992 Broadway,42.3997° N 71.1281° W,Somerville,2,1,"$1,500","$3,000",0,1,5,2,8,5,6,2,12,1,5,18
151 Holland St,42.4012° N 71.1278° W,Somerville,2,1,"$2,025","$4,050",1,0,4,3,7,6,7,6,2,3,10,8
224 Brighton Ave,42.3506° N 71.1356° W,Allston,4,2,"$1,625","$6,500",0,0,8,3,14,2,7,2,4,3,6,11
70 Roseland St,42.3908° N 71.1236° W,Porter Square,2,1,"$2,050","$4,100",0,1,1,7,3,6,3,4,15,4,7,11
74 Linden St,42.3524° N 71.1295° W,Allston,3,1,"$2,075","$6,225",1,1,6,2,4,6,4,3,11,2,8,13
68 Brattle St,42.3760° N 71.1240° W,Cambridge,3,1,"$2,450","$7,350",1,0,2,7,5,4,7,6,8,3,10,12
1368 Massachusetts Ave,42.3778° N 71.1154° W,Cambridge,3,2,"$2,500","$7,500",1,1,9,3,14,3,8,2,2,2,2,5
130 Aspinwall Ave,42.3356° N 71.1174° W,Brookline,2,1,"$2,250","$4,500",1,1,1,7,3,5,3,5,15,2,8,18
4 River St,42.3615° N 71.1150° W,Cambridge,4,1,"$2,200","$8,800",0,1,3,7,4,6,7,4,6,3,11,12
66 Beech St,42.3916° N 71.1239° W,Porter Square,4,2,"$2,275","$9,100",0,0,1,6,5,4,4,5,7,4,10,11
72 Columbus Ave,42.3453° N 71.0787° W,Boston,4,1,"$2,225","$8,900",1,1,5,4,3,4,6,2,12,2,8,8
1160 Commonwealth Ave,42.3497° N 71.1299° W,Allston,4,2,"$1,625","$6,500",1,1,7,1,12,1,10,1,6,3,8,8
266 Highland Ave,42.3928° N 71.1122° W,Somerville,3,1,"$2,250","$6,750",0,0,4,4,8,6,4,5,10,3,11,17
16 College Ave,42.3973° N 71.1213° W,Somerville,4,1,"$2,100","$8,400",1,1,4,3,8,3,4,2,11,1,11,17
122 Somerville Ave,42.3770° N 71.0923° W,Somerville,2,1,"$2,025","$4,050",0,1,4,2,7,3,9,2,8,2,8,13
272 Pearl St,42.3659° N 71.1042° W,Cambridge,2,1,"$2,275","$4,550",0,1,4,5,4,3,7,3,6,1,12,18
1176 Beacon St,42.3427° N 71.1169° W,Brookline,3,2,"$2,275","$6,825",1,1,6,2,7,1,6,2,1,1,3,8
1046 Broadway,42.4003° N 71.1306° W,Somerville,2,1,"$2,100","$4,200",0,1,5,3,7,2,7,2,11,2,5,18
441 Washington St,42.3419° N 71.1381° W,Brookline,2,1,"$2,225","$4,450",0,0,6,3,5,2,6,3,9,3,10,13
238 Brighton Ave,42.3502° N 71.1365° W,Allston,3,2,"$1,800","$5,400",1,0,11,3,12,1,9,3,3,3,3,9
336 Beacon St,42.3845° N 71.1165° W,Somerville,2,1,"$2,175","$4,350",1,1,6,6,5,4,5,6,7,1,5,12
52 Upland Rd,42.3915° N 71.1246° W,Porter Square,2,1,"$2,175","$4,350",0,1,3,5,3,4,3,3,10,4,7,10
166 Aspinwall Ave,42.3363° N 71.1193° W,Brookline,3,2,"$1,900","$5,700",1,1,1,8,5,6,5,4,15,3,7,16
120 Longwood Ave,42.3405° N 71.1144° W,Brookline,3,1,"$2,200","$6,600",0,1,6,2,6,5,5,6,5,1,5,9
110 Harvard St,42.3385° N 71.1217° W,Brookline,3,2,"$2,300","$6,900",1,0,4,3,10,2,10,1,4,3,8,13
10 Longwood Ave,42.3391° N 71.1062° W,Brookline,2,1,"$1,900","$3,800",1,1,5,3,5,5,5,6,9,2,6,13
44 Harvard Ave,42.3502° N 71.1305° W,Allston,2,1,"$1,850","$3,700",0,0,10,3,16,3,9,2,3,4,3,9
500 College Ave,42.4087° N 71.1183° W,Somerville,2,1,"$1,850","$3,700",0,1,5,5,6,2,6,3,11,2,10,15
1030 Broadway,42.3774° N 71.1148° W,Cambridge,3,1,"$2,000","$6,000",1,1,4,4,8,1,10,1,5,2,3,15
2068 Cambridge St,42.3746° N 71.1200° W,Cambridge,3,1,"$2,000","$6,000",1,0,5,3,9,4,8,4,4,3,6,11
46 Quint Ave,42.3511° N 71.1360° W,Allston,4,2,"$1,950","$7,800",1,0,4,7,3,7,3,5,15,1,9,12
130 Newbury St,42.3506° N 71.0760° W,Boston,2,1,"$2,325","$4,650",1,1,8,1,16,2,9,1,5,1,2,9
1176 Massachusetts Ave,42.3369° N 71.1006° W,Boston,3,1,"$2,400","$7,200",0,0,8,4,8,4,5,1,5,3,4,11
4 Beech St,42.3894° N 71.1204° W,Porter Square,3,2,"$2,325","$6,975",0,1,1,5,4,7,2,8,14,2,11,13
172 Pearl St,42.3644° N 71.1042° W,Cambridge,3,1,"$2,275","$6,825",0,0,5,4,4,2,5,3,7,1,8,16
427 Tremont St,42.3492° N 71.0685° W,Boston,3,2,"$2,500","$7,500",1,1,7,2,8,1,6,1,8,2,8,11
58 Walden St,42.3889° N 71.1265° W,Porter Square,3,1,"$2,250","$6,750",0,1,4,9,3,5,5,5,9,4,14,21
552 Boylston St,42.3502° N 71.0747° W,Boston,4,2,"$2,600","$10,400",1,1,6,3,9,2,8,2,6,4,4,8
50 Longwood Ave,42.3396° N 71.1095° W,Brookline,2,1,"$2,050","$4,100",1,0,2,6,4,4,4,6,12,1,10,14
53 Holland St,42.3980° N 71.1244° W,Somerville,2,1,"$1,525","$3,050",0,0,6,4,7,5,7,4,5,1,5,16
540 Broadway,42.3929° N 71.1056° W,Somerville,4,1,"$2,050","$8,200",1,1,2,7,6,5,4,3,5,3,8,15
20 Chester St,42.3502° N 71.1267° W,Allston,2,1,"$1,750","$3,500",1,0,5,7,8,3,3,5,6,1,9,15
242 Huron Ave,42.3875° N 71.1381° W,Cambridge,3,2,"$2,200","$6,600",1,0,1,7,1,8,4,4,8,2,10,19
21 Porter Rd,42.3905° N 71.1203° W,Porter Square,3,2,"$2,500","$7,500",1,0,4,2,8,4,4,3,12,2,11,9
132 Babcock St,42.3524° N 71.1225° W,Brookline,4,1,"$2,425","$9,700",1,1,4,4,6,6,5,6,8,3,5,11
321 Prospect St,42.3759° N 71.1054° W,Cambridge,4,2,"$2,325","$9,300",0,1,6,3,11,4,7,3,3,4,5,6
1570 Beacon St,42.3408° N 71.1306° W,Brookline,4,2,"$2,350","$9,400",0,1,7,3,6,3,9,4,4,4,6,11
394 Marlborough St,42.3503° N 71.0865° W,Boston,2,1,"$2,125","$4,250",0,0,8,1,10,1,7,3,3,3,7,6
5 Babcock St,42.3485° N 71.1165° W,Brookline,3,1,"$1,975","$5,925",1,1,3,7,3,5,4,3,7,3,7,13
189 Prospect St,42.3715° N 71.1039° W,Cambridge,3,1,"$2,425","$7,275",1,1,4,3,7,4,5,1,5,4,4,13
152 Huron Ave,42.3854° N 71.1336° W,Cambridge,3,1,"$2,150","$6,450",1,1,2,4,1,3,5,8,13,4,10,11
12 Porter Rd,42.3903° N 71.1197° W,Porter Square,3,1,"$2,250","$6,750",0,1,4,7,7,5,7,5,6,1,12,13
218 Brattle St,42.3822° N 71.1375° W,Cambridge,2,1,"$2,275","$4,550",1,0,4,7,3,4,4,4,7,3,10,10
116 Highland Ave,42.3891° N 71.1035° W,Somerville,4,1,"$1,675","$6,700",1,0,2,5,7,5,5,5,7,2,5,12
28 Ashford St,42.3539° N 71.1217° W,Allston,4,1,"$1,600","$6,400",0,0,5,4,6,5,4,4,7,1,6,14
172 Commonwealth Ave,42.3517° N 71.0754° W,Boston,3,1,"$2,125","$6,375",0,0,9,1,7,4,7,4,3,4,7,10
486 River St,42.3707° N 71.1129° W,Cambridge,3,1,"$2,300","$6,900",0,0,3,6,8,4,5,4,8,3,5,12
90 Aspinwall Ave,42.3358° N 71.1149° W,Brookline,2,1,"$1,950","$3,900",1,1,2,8,2,7,2,8,8,3,9,22
111 Huron Ave,42.3842° N 71.1313° W,Cambridge,3,1,"$2,200","$6,600",0,1,1,6,5,5,3,5,8,2,9,10
36 Beech St,42.3902° N 71.1223° W,Porter Square,3,1,"$2,325","$6,975",1,1,1,10,1,8,4,7,10,3,13,20
2202 Massachusetts Ave,42.3956° N 71.1282° W,Porter Square,3,2,"$1,950","$5,850",1,1,6,2,10,1,7,2,1,3,6,8
304 Broadway,42.3673° N 71.0947° W,Cambridge,4,1,"$2,375","$9,500",1,0,8,3,10,4,7,4,4,2,8,12
828 Boylston St,42.3495° N 71.0794° W,Boston,3,1,"$2,225","$6,675",0,0,9,3,14,2,9,2,2,3,6,5
10 Babcock St,42.3494° N 71.1170° W,Brookline,3,1,"$2,050","$6,150",0,0,5,4,6,6,6,5,9,2,5,15
196 Harvard Ave,42.3549° N 71.1313° W,Allston,2,1,"$1,575","$3,150",0,0,9,1,15,2,7,1,3,4,6,8
18 Chester St,42.3502° N 71.1275° W,Allston,2,1,"$1,800","$3,600",1,0,3,5,4,2,7,2,11,1,5,12
16 Brighton Ave,42.3526° N 71.1257° W,Allston,3,1,"$1,950","$5,850",1,1,11,3,16,3,12,2,4,4,3,6
774 Broadway,42.3959° N 71.1167° W,Somerville,2,1,"$1,725","$3,450",1,0,3,4,5,4,3,5,5,3,8,12
2 Roseland St,42.3887° N 71.1193° W,Porter Square,2,1,"$1,975","$3,950",0,0,3,5,1,5,2,3,7,3,11,19
705 Harrison Ave,42.3355° N 71.0720° W,Boston,2,1,"$2,300","$4,600",0,0,6,7,8,5,7,3,8,2,11,15
616 Massachusetts Ave,42.3418° N 71.0865° W,Boston,4,2,"$2,325","$9,300",1,1,7,2,6,3,5,2,4,3,8,8
68 Aspinwall Ave,42.3348° N 71.1142° W,Brookline,3,1,"$1,925","$5,775",1,1,4,7,5,8,2,4,7,4,9,13
402 Cambridge St,42.3731° N 71.0948° W,Cambridge,4,1,"$2,575","$10,300",0,1,9,4,6,4,7,1,7,1,8,13
1786 Beacon St,42.3395° N 71.1378° W,Brookline,3,1,"$2,075","$6,225",1,1,4,1,11,1,6,3,4,4,3,8
544 Harrison Ave,42.3386° N 71.0694° W,Boston,4,1,"$2,050","$8,200",0,0,3,5,8,5,4,5,6,2,7,15
196 Longwood Ave,42.3426° N 71.1192° W,Brookline,4,1,"$2,375","$9,500",0,0,5,5,4,3,3,6,6,1,9,9
274 Beacon St,42.3527° N 71.0798° W,Boston,3,1,"$2,250","$6,750",0,1,7,1,8,4,8,1,3,3,4,7
316 College Ave,42.4043° N 71.1190° W,Somerville,2,1,"$2,100","$4,200",1,1,6,5,5,5,4,2,8,1,12,14
340 Beacon St,42.3845° N 71.1165° W,Somerville,3,1,"$1,900","$5,700",0,1,4,3,3,5,7,3,7,3,7,10
38 Quint Ave,42.3501° N 71.1357° W,Allston,4,1,"$2,000","$8,000",0,1,2,8,5,4,4,6,12,1,9,10
108 Brattle St,42.3778° N 71.1269° W,Cambridge,2,1,"$2,300","$4,600",1,0,6,4,5,5,7,2,4,2,12,12
466 Harrison Ave,42.3402° N 71.0682° W,Boston,4,1,"$2,275","$9,100",1,1,2,5,3,2,5,2,8,3,6,17
1136 Broadway,42.3790° N 71.1174° W,Cambridge,3,1,"$2,025","$6,075",1,0,6,4,11,3,10,2,3,2,7,9
1468 Beacon St,42.3412° N 71.1265° W,Brookline,2,1,"$2,250","$4,500",0,1,8,3,10,1,10,3,1,1,5,15
246 River St,42.3665° N 71.1147° W,Cambridge,3,2,"$2,425","$7,275",0,0,6,3,4,2,6,6,8,3,6,10
326 Somerville Ave,42.3824° N 71.1008° W,Somerville,3,1,"$1,500","$4,500",0,1,6,3,6,3,7,1,8,2,3,10
112 Pearl St,42.3634° N 71.1034° W,Cambridge,3,2,"$2,175","$6,525",1,0,4,4,8,5,4,5,12,1,11,12
82 Beech St,42.3922° N 71.1242° W,Porter Square,3,1,"$1,850","$5,550",0,1,3,4,1,3,2,8,16,4,8,12
244 Huron Ave,42.3878° N 71.1378° W,Cambridge,4,1,"$2,150","$8,600",1,0,2,9,5,7,5,7,7,4,10,16
53 Porter Rd,42.3914° N 71.1225° W,Porter Square,4,1,"$2,450","$9,800",1,1,2,4,5,5,4,6,10,1,9,11
864 Boylston St,42.3489° N 71.0807° W,Boston,2,1,"$2,500","$5,000",1,0,10,2,11,2,10,3,4,2,6,6
112 Newbury St,42.3508° N 71.0750° W,Boston,3,2,"$2,450","$7,350",1,1,9,3,9,1,7,3,5,3,5,6
113 Harvard Ave,42.3524° N 71.1313° W,Allston,2,1,"$2,200","$4,400",0,0,12,1,14,3,11,3,2,1,4,9
62 Quint Ave,42.3519° N 71.1365° W,Allston,2,1,"$1,425","$2,850",1,0,4,8,4,8,5,4,9,3,13,18
41 Roseland St,42.3898° N 71.1214° W,Porter Square,2,1,"$1,900","$3,800",0,0,3,5,5,7,2,4,10,2,9,10
558 Harrison Ave,42.3386° N 71.0699° W,Boston,2,1,"$2,475","$4,950",0,0,6,4,7,5,5,3,12,2,9,9
98 Quint Ave,42.3533° N 71.1383° W,Allston,3,1,"$1,750","$5,250",1,0,2,4,4,9,3,5,7,4,9,19
166 Saint Paul St,42.3506° N 71.1170° W,Brookline,2,1,"$1,900","$3,800",1,1,4,4,8,4,5,6,10,3,5,8
274 Washington St,42.3378° N 71.1309° W,Brookline,3,1,"$2,325","$6,975",1,1,2,5,5,5,6,4,9,3,12,11
359 River St,42.3680° N 71.1140° W,Cambridge,3,2,"$2,400","$7,200",1,1,2,6,8,6,3,3,8,1,7,15
316 Prospect St,42.3757° N 71.1055° W,Cambridge,3,2,"$2,350","$7,050",1,0,4,3,10,2,7,4,8,2,6,10
952 Massachusetts Ave,42.3387° N 71.0948° W,Boston,3,1,"$2,050","$6,150",0,0,9,1,10,2,10,4,5,2,3,13
476 River St,42.3710° N 71.1133° W,Cambridge,3,1,"$2,300","$6,900",0,1,6,3,3,2,6,6,12,3,5,15
1259 Commonwealth Ave,42.3496° N 71.1350° W,Allston,3,1,"$2,125","$6,375",1,1,8,4,7,3,10,4,8,3,6,10
532 Commonwealth Ave,42.3498° N 71.0887° W,Boston,3,2,"$2,125","$6,375",0,1,7,1,7,3,8,4,3,1,4,7
82 Linden St,42.3525° N 71.1296° W,Allston,2,1,"$2,075","$4,150",1,1,6,2,6,5,3,3,11,3,12,9
54 Beacon St,42.3755° N 71.1060° W,Somerville,2,1,"$1,800","$3,600",0,0,3,4,4,6,3,6,8,1,11,12
2295 Massachusetts Ave,42.3974° N 71.1299° W,Porter Square,2,1,"$2,125","$4,250",1,1,10,2,14,2,7,1,4,3,3,5
62 Tremont St,42.3562° N 71.0627° W,Boston,3,1,"$2,200","$6,600",1,0,6,2,8,4,5,3,3,2,8,9
30 Holland St,42.3972° N 71.1236° W,Somerville,2,1,"$2,175","$4,350",1,0,6,4,8,6,6,5,4,1,12,17
280 Washington St,42.3386° N 71.1312° W,Brookline,2,1,"$1,925","$3,850",1,1,2,3,7,2,5,4,10,1,11,15
524 Beacon St,42.3511° N 71.0909° W,Boston,3,2,"$2,350","$7,050",1,0,7,2,12,4,6,3,7,2,3,11
152 Highland Ave,42.3903° N 71.1064° W,Somerville,2,1,"$2,200","$4,400",0,0,2,4,8,2,5,6,9,2,6,9
299 Marlborough St,42.3512° N 71.0832° W,Boston,2,1,"$2,350","$4,700",0,1,8,2,11,1,7,3,8,3,6,10
66 Marlborough St,42.3528° N 71.0742° W,Boston,4,1,"$2,125","$8,500",0,0,5,3,8,1,8,3,4,2,3,13
141 Newbury St,42.3510° N 71.0766° W,Boston,2,1,"$2,225","$4,450",0,1,12,1,14,3,10,3,7,2,6,7
29 Porter Rd,42.3910° N 71.1210° W,Porter Square,2,1,"$2,050","$4,100",0,0,4,6,6,3,7,6,11,1,12,16
116 Babcock St,42.3521° N 71.1217° W,Brookline,3,2,"$1,900","$5,700",0,1,3,2,6,5,6,5,5,2,9,18
142 Holland St,42.4002° N 71.1277° W,Somerville,2,1,"$2,175","$4,350",0,1,4,2,6,3,7,2,5,3,11,8
1 Glenville Ave,42.3491° N 71.1323° W,Allston,3,2,"$1,900","$5,700",1,0,1,10,3,9,4,6,12,4,10,21
480 Harrison Ave,42.3399° N 71.0687° W,Boston,2,1,"$2,225","$4,450",1,0,2,7,4,2,6,6,6,2,8,10
146 Holland St,42.4001° N 71.1275° W,Somerville,4,1,"$2,225","$8,900",1,1,6,3,4,5,6,6,5,2,9,10
364 Harvard St,42.3476° N 71.1275° W,Brookline,3,1,"$2,325","$6,975",1,0,7,2,8,4,10,4,4,4,7,7
78 Ashford St,42.3552° N 71.1235° W,Allston,4,2,"$1,850","$7,400",0,1,6,3,5,6,7,3,8,3,5,18
104 Garden St,42.3809° N 71.1223° W,Cambridge,2,1,"$2,175","$4,350",0,1,2,2,7,3,4,4,10,3,8,13
252 Prospect St,42.3738° N 71.1048° W,Cambridge,3,1,"$2,425","$7,275",0,0,7,4,7,3,9,4,8,2,3,6
221 Newbury St,42.3497° N 71.0794° W,Boston,4,1,"$2,450","$9,800",1,0,9,2,9,3,8,1,7,4,6,8
22 Porter Rd,42.3909° N 71.1206° W,Porter Square,3,1,"$2,425","$7,275",0,0,2,6,5,6,4,4,11,1,8,13
142 Longwood Ave,42.3416° N 71.1155° W,Brookline,2,1,"$2,250","$4,500",0,1,4,2,4,3,6,6,9,2,6,16
150 Brighton Ave,42.3513° N 71.1313° W,Allston,4,1,"$1,825","$7,300",1,0,10,3,12,3,10,3,4,3,2,12
46 Elm St,42.3905° N 71.1155° W,Somerville,3,1,"$2,200","$6,600",0,0,12,1,9,2,11,1,1,3,4,11
114 Marlborough St,42.3524° N 71.0759° W,Boston,2,1,"$2,175","$4,350",1,0,6,3,11,4,5,4,4,1,5,13
119 Linden St,42.3537° N 71.1311° W,Allston,4,1,"$2,000","$8,000",0,0,3,5,4,3,6,3,11,3,10,13
944 Broadway,42.3768° N 71.1126° W,Cambridge,2,1,"$2,275","$4,550",0,0,6,1,7,3,5,3,8,1,7,6
2191 Massachusetts Ave,42.3955° N 71.1277° W,Porter Square,3,1,"$2,175","$6,525",1,0,6,3,16,1,10,1,1,2,2,11
125 Ashford St,42.3571° N 71.1261° W,Allston,2,1,"$1,425","$2,850",0,1,4,7,3,6,7,2,11,2,10,9
10 Saint Paul St,42.3423° N 71.1132° W,Brookline,2,1,"$2,300","$4,600",0,1,3,2,4,4,7,4,12,3,12,11
106 Glenville Ave,42.3519° N 71.1349° W,Allston,4,1,"$1,425","$5,700",0,0,2,6,5,5,3,5,12,2,13,15
175 Cedar St,42.3895° N 71.1105° W,Somerville,4,2,"$1,550","$6,200",0,0,4,5,3,9,5,4,15,2,11,13
430 Huntington Ave,42.3404° N 71.0904° W,Boston,2,1,"$2,125","$4,250",0,0,9,2,11,1,6,3,3,3,7,7
274 Newbury St,42.3496° N 71.0822° W,Boston,3,1,"$2,175","$6,525",1,1,9,3,13,3,12,2,3,3,5,8
1792 Massachusetts Ave,42.3853° N 71.1214° W,Cambridge,2,1,"$2,125","$4,250",0,0,6,3,11,1,7,2,1,1,4,11
111 College Ave,42.3995° N 71.1211° W,Somerville,2,1,"$2,000","$4,000",1,1,4,7,7,3,5,5,11,3,12,12
126 Cedar St,42.3883° N 71.1089° W,Somerville,3,1,"$1,750","$5,250",0,1,4,7,4,8,5,5,11,3,7,18
20 Babcock St,42.3490° N 71.1174° W,Brookline,3,1,"$2,375","$7,125",1,1,5,3,3,4,5,6,10,3,10,10
324 Huntington Ave,42.3418° N 71.0885° W,Boston,3,1,"$2,125","$6,375",1,1,9,4,9,4,6,4,3,2,4,11
262 Huron Ave,42.3882° N 71.1392° W,Cambridge,4,1,"$2,225","$8,900",1,0,2,5,1,9,3,5,8,1,7,11
225 Cedar St,42.3912° N 71.1119° W,Somerville,3,1,"$2,050","$6,150",0,0,4,9,1,3,2,6,12,1,9,16
42 Pearl St,42.3624° N 71.1034° W,Cambridge,2,1,"$2,225","$4,450",0,0,4,4,6,5,3,3,12,3,5,14
34 Roseland St,42.3901° N 71.1214° W,Porter Square,3,1,"$2,050","$6,150",1,0,1,5,5,7,4,8,10,2,14,21
127 Washington St,42.3345° N 71.1242° W,Brookline,3,1,"$1,975","$5,925",0,1,6,3,7,5,7,6,7,3,6,11
136 Beacon St,42.3781° N 71.1097° W,Somerville,3,1,"$1,550","$4,650",0,1,3,5,6,5,3,3,5,2,10,15
1 Ashford St,42.3527° N 71.1200° W,Allston,3,1,"$2,075","$6,225",0,1,3,7,6,4,7,2,10,1,5,17
140 Prospect St,42.3696° N 71.1042° W,Cambridge,4,1,"$2,175","$8,700",1,1,6,3,9,2,9,4,6,1,8,8
216 Brattle St,42.3816° N 71.1360° W,Cambridge,3,2,"$2,550","$7,650",0,0,4,7,3,4,5,2,8,2,9,16
72 Beacon St,42.3767° N 71.1068° W,Somerville,3,1,"$2,000","$6,000",0,0,5,4,5,3,4,3,12,3,10,14
1288 Beacon St,42.3420° N 71.1206° W,Brookline,3,1,"$2,325","$6,975",1,1,4,4,10,1,7,4,1,2,4,7
254 Highland Ave,42.3919° N 71.1109° W,Somerville,2,1,"$2,200","$4,400",0,1,2,4,6,4,7,4,7,1,9,10
942 Massachusetts Ave,42.3391° N 71.0949° W,Boston,2,1,"$2,225","$4,450",1,1,8,4,9,3,5,4,3,2,7,11
82 Babcock St,42.3508° N 71.1204° W,Brookline,3,1,"$2,275","$6,825",0,1,4,5,3,3,7,6,9,3,11,14
110 Commonwealth Ave,42.3516° N 71.0739° W,Boston,3,1,"$2,525","$7,575",0,0,9,4,10,2,7,1,8,4,4,7
4 Roseland St,42.3889° N 71.1195° W,Porter Square,3,1,"$2,350","$7,050",0,0,2,4,3,6,2,5,8,4,7,11
60 Marlborough St,42.3530° N 71.0741° W,Boston,3,2,"$2,075","$6,225",1,1,5,1,7,1,7,4,5,4,4,10
1700 Beacon St,42.3397° N 71.1346° W,Brookline,2,1,"$2,250","$4,500",0,1,9,3,11,1,6,1,3,4,3,11
2190 Massachusetts Ave,42.3928° N 71.1267° W,Cambridge,3,2,"$2,250","$6,750",1,1,12,3,11,1,8,2,2,4,3,9
2404 Massachusetts Ave,42.3968° N 71.1298° W,Cambridge,4,2,"$2,350","$9,400",0,0,6,1,15,1,10,1,7,2,6,11
204 Harvard Ave,42.3551° N 71.1315° W,Allston,3,1,"$1,675","$5,025",1,0,6,3,13,1,7,3,2,4,5,11
185 Aspinwall Ave,42.3365° N 71.1212° W,Brookline,2,1,"$1,875","$3,750",1,1,2,9,2,9,5,8,14,2,14,14
466 Marlborough St,42.3504° N 71.0898° W,Boston,2,1,"$2,175","$4,350",1,1,7,4,8,1,8,1,6,3,8,7
37 Porter Rd,42.3914° N 71.1211° W,Porter Square,2,1,"$2,475","$4,950",0,0,2,3,6,4,5,6,9,2,11,10
207 Brighton Ave,42.3510° N 71.1350° W,Allston,4,1,"$1,500","$6,000",0,1,10,3,15,2,12,2,2,1,2,5
76 Newbury St,42.3516° N 71.0741° W,Boston,4,2,"$2,200","$8,800",1,0,9,2,12,3,10,2,4,1,4,7
16 Saint Paul St,42.3426° N 71.1129° W,Brookline,3,2,"$1,950","$5,850",1,0,2,4,7,2,4,5,11,1,6,17
348 Columbus Ave,42.3424° N 71.0818° W,Boston,3,2,"$2,575","$7,725",0,0,4,4,5,4,3,3,5,2,8,16
69 Harvard Ave,42.3505° N 71.1306° W,Allston,3,1,"$2,000","$6,000",0,1,9,2,16,2,8,1,4,3,2,5
163 Glenville Ave,42.3544° N 71.1370° W,Allston,2,1,"$1,575","$3,150",1,1,2,10,4,6,4,5,16,1,10,11
14 Aspinwall Ave,42.3344° N 71.1109° W,Brookline,3,2,"$2,075","$6,225",0,0,2,9,2,4,5,8,16,3,8,19
198 Garden St,42.3833° N 71.1240° W,Cambridge,3,1,"$2,550","$7,650",1,0,2,6,3,5,3,6,5,1,9,12
8 Brattle St,42.3732° N 71.1187° W,Cambridge,4,1,"$2,150","$8,600",1,1,2,3,6,2,5,5,8,3,5,15
175 Walden St,42.3944° N 71.1308° W,Porter Square,3,1,"$1,900","$5,700",0,0,4,5,3,7,2,5,7,3,9,12